This is pdfTeX, Version 3.141592653-2.6-1.40.25 (TeX Live 2023/Debian) (preloaded format=pdflatex 2026.10.2)  3 OCT 2026 00:03
entering extended mode
 restricted \write18 enabled.
 %&-line parsing enabled.
**report.tex
(./report.tex
LaTeX2e <2023-11-01> patch level 1
L3 programming layer <2024-01-22>
(./acmart.cls
Document Class: acmart 2026/06/27 v2.19 Typesetting articles for the Associatio
n for Computing Machinery
(/usr/share/texlive/texmf-dist/tex/latex/xkeyval/xkeyval.sty
Package: xkeyval 2022/06/16 v2.9 package option processing (HA)

(/usr/share/texlive/texmf-dist/tex/generic/xkeyval/xkeyval.tex
(/usr/share/texlive/texmf-dist/tex/generic/xkeyval/xkvutils.tex
\XKV@toks=\toks17
\XKV@tempa@toks=\toks18

(/usr/share/texlive/texmf-dist/tex/generic/xkeyval/keyval.tex))
\XKV@depth=\count187
File: xkeyval.tex 2014/12/03 v2.7a key=value parser (HA)
))
(/usr/share/texlive/texmf-dist/tex/generic/xstring/xstring.sty
(/usr/share/texlive/texmf-dist/tex/generic/xstring/xstring.tex
\xs_counta=\count188
\xs_countb=\count189
)
Package: xstring 2023/08/22 v1.86 String manipulations (CT)
)
(/usr/share/texlive/texmf-dist/tex/generic/iftex/iftex.sty
Package: iftex 2022/02/03 v1.0f TeX engine tests
)
Package acmart Info: Not using screen mode on input line 81.
Package acmart Info: Using breaking urls on hyphens on input line 89.
Package acmart Info: Requiring acmthm on input line 97.
Package acmart Info: Not using review mode on input line 106.
Package acmart Info: Not using authorversion mode on input line 114.
Package acmart Info: Not using nonacm mode on input line 126.
Package acmart Info: Explicitly selecting natbib mode on input line 142.
Package acmart Info: Not using anonymous mode on input line 150.
Package acmart Info: Not using timestamp mode on input line 158.
Package acmart Info: Not using authordraft mode on input line 168.
Package acmart Info: Using screen mode on input line 183.
Package acmart Info: Using nonacm mode on input line 183.
Class acmart Info: Using format sigconf, number 4 on input line 183.
Class acmart Info: Using fontsize 9pt on input line 289.

(/usr/share/texlive/texmf-dist/tex/latex/amscls/amsart.cls
Document Class: amsart 2020/05/29 v2.20.6
\linespacing=\dimen140
\normalparindent=\dimen141
\normaltopskip=\skip48
(/usr/share/texlive/texmf-dist/tex/latex/amsmath/amsmath.sty
Package: amsmath 2023/05/13 v2.17o AMS math features
\@mathmargin=\skip49

For additional information on amsmath, use the `?' option.
(/usr/share/texlive/texmf-dist/tex/latex/amsmath/amstext.sty
Package: amstext 2021/08/26 v2.01 AMS text

(/usr/share/texlive/texmf-dist/tex/latex/amsmath/amsgen.sty
File: amsgen.sty 1999/11/30 v2.0 generic functions
\@emptytoks=\toks19
\ex@=\dimen142
))
(/usr/share/texlive/texmf-dist/tex/latex/amsmath/amsbsy.sty
Package: amsbsy 1999/11/29 v1.2d Bold Symbols
\pmbraise@=\dimen143
)
(/usr/share/texlive/texmf-dist/tex/latex/amsmath/amsopn.sty
Package: amsopn 2022/04/08 v2.04 operator names
)
\inf@bad=\count190
LaTeX Info: Redefining \frac on input line 234.
\uproot@=\count191
\leftroot@=\count192
LaTeX Info: Redefining \overline on input line 399.
LaTeX Info: Redefining \colon on input line 410.
\classnum@=\count193
\DOTSCASE@=\count194
LaTeX Info: Redefining \ldots on input line 496.
LaTeX Info: Redefining \dots on input line 499.
LaTeX Info: Redefining \cdots on input line 620.
\Mathstrutbox@=\box51
\strutbox@=\box52
LaTeX Info: Redefining \big on input line 722.
LaTeX Info: Redefining \Big on input line 723.
LaTeX Info: Redefining \bigg on input line 724.
LaTeX Info: Redefining \Bigg on input line 725.
\big@size=\dimen144
LaTeX Font Info:    Redeclaring font encoding OML on input line 743.
LaTeX Font Info:    Redeclaring font encoding OMS on input line 744.
\macc@depth=\count195
LaTeX Info: Redefining \bmod on input line 905.
LaTeX Info: Redefining \pmod on input line 910.
LaTeX Info: Redefining \smash on input line 940.
LaTeX Info: Redefining \relbar on input line 970.
LaTeX Info: Redefining \Relbar on input line 971.
\c@MaxMatrixCols=\count196
\dotsspace@=\muskip16
\c@parentequation=\count197
\dspbrk@lvl=\count198
\tag@help=\toks20
\row@=\count199
\column@=\count266
\maxfields@=\count267
\andhelp@=\toks21
\eqnshift@=\dimen145
\alignsep@=\dimen146
\tagshift@=\dimen147
\tagwidth@=\dimen148
\totwidth@=\dimen149
\lineht@=\dimen150
\@envbody=\toks22
\multlinegap=\skip50
\multlinetaggap=\skip51
\mathdisplay@stack=\toks23
LaTeX Info: Redefining \[ on input line 2953.
LaTeX Info: Redefining \] on input line 2954.
)
LaTeX Font Info:    Trying to load font information for U+msa on input line 397
.

(/usr/share/texlive/texmf-dist/tex/latex/amsfonts/umsa.fd
File: umsa.fd 2013/01/14 v3.01 AMS symbols A
)
(/usr/share/texlive/texmf-dist/tex/latex/amsfonts/amsfonts.sty
Package: amsfonts 2013/01/14 v3.01 Basic AMSFonts support
\symAMSa=\mathgroup4
\symAMSb=\mathgroup5
LaTeX Font Info:    Redeclaring math symbol \hbar on input line 98.
LaTeX Font Info:    Overwriting math alphabet `\mathfrak' in version `bold'
(Font)                  U/euf/m/n --> U/euf/b/n on input line 106.
)
\copyins=\insert252
\abstractbox=\box53
\listisep=\skip52
\c@part=\count268
\c@section=\count269
\c@subsection=\count270
\c@subsubsection=\count271
\c@paragraph=\count272
\c@subparagraph=\count273
\c@figure=\count274
\c@table=\count275
\abovecaptionskip=\skip53
\belowcaptionskip=\skip54
\captionindent=\dimen151
\thm@style=\toks24
\thm@bodyfont=\toks25
\thm@headfont=\toks26
\thm@notefont=\toks27
\thm@headpunct=\toks28
\thm@preskip=\skip55
\thm@postskip=\skip56
\thm@headsep=\skip57
\dth@everypar=\toks29
)
(/usr/share/texlive/texmf-dist/tex/latex/microtype/microtype.sty
Package: microtype 2023/03/13 v3.1a Micro-typographical refinements (RS)

(/usr/share/texlive/texmf-dist/tex/latex/etoolbox/etoolbox.sty
Package: etoolbox 2020/10/05 v2.5k e-TeX tools for LaTeX (JAW)
\etb@tempcnta=\count276
)
\MT@toks=\toks30
\MT@tempbox=\box54
\MT@count=\count277
LaTeX Info: Redefining \noprotrusionifhmode on input line 1059.
LaTeX Info: Redefining \leftprotrusion on input line 1060.
\MT@prot@toks=\toks31
LaTeX Info: Redefining \rightprotrusion on input line 1078.
LaTeX Info: Redefining \textls on input line 1368.
\MT@outer@kern=\dimen152
LaTeX Info: Redefining \textmicrotypecontext on input line 1988.
\MT@listname@count=\count278

(/usr/share/texlive/texmf-dist/tex/latex/microtype/microtype-pdftex.def
File: microtype-pdftex.def 2023/03/13 v3.1a Definitions specific to pdftex (RS)

LaTeX Info: Redefining \lsstyle on input line 902.
LaTeX Info: Redefining \lslig on input line 902.
\MT@outer@space=\skip58
)
Package microtype Info: Loading configuration file microtype.cfg.

(/usr/share/texlive/texmf-dist/tex/latex/microtype/microtype.cfg
File: microtype.cfg 2023/03/13 v3.1a microtype main configuration file (RS)
))
(/usr/share/texlive/texmf-dist/tex/latex/booktabs/booktabs.sty
Package: booktabs 2020/01/12 v1.61803398 Publication quality tables
\heavyrulewidth=\dimen153
\lightrulewidth=\dimen154
\cmidrulewidth=\dimen155
\belowrulesep=\dimen156
\belowbottomsep=\dimen157
\aboverulesep=\dimen158
\abovetopsep=\dimen159
\cmidrulesep=\dimen160
\cmidrulekern=\dimen161
\defaultaddspace=\dimen162
\@cmidla=\count279
\@cmidlb=\count280
\@aboverulesep=\dimen163
\@belowrulesep=\dimen164
\@thisruleclass=\count281
\@lastruleclass=\count282
\@thisrulewidth=\dimen165
)
(/usr/share/texlive/texmf-dist/tex/latex/refcount/refcount.sty
Package: refcount 2019/12/15 v3.6 Data extraction from label references (HO)

(/usr/share/texlive/texmf-dist/tex/generic/ltxcmds/ltxcmds.sty
Package: ltxcmds 2023-12-04 v1.26 LaTeX kernel commands for general use (HO)
)
(/usr/share/texlive/texmf-dist/tex/generic/infwarerr/infwarerr.sty
Package: infwarerr 2019/12/03 v1.5 Providing info/warning/error messages (HO)
))
(/usr/share/texlive/texmf-dist/tex/latex/totpages/totpages.sty
Package: totpages 2005/09/19 v2.00 Totpages Package (muewi)

(/usr/share/texlive/texmf-dist/tex/latex/everyshi/everyshi.sty
Package: everyshi 2020/11/18 v4.00 EveryShipout Package
))
(/usr/share/texlive/texmf-dist/tex/latex/environ/environ.sty
Package: environ 2014/05/04 v0.3 A new way to define environments

(/usr/share/texlive/texmf-dist/tex/latex/trimspaces/trimspaces.sty
Package: trimspaces 2009/09/17 v1.1 Trim spaces around a token list
))
\@ACM@acmcp@delta=\dimen166

(/usr/share/texlive/texmf-dist/tex/latex/natbib/natbib.sty
Package: natbib 2010/09/13 8.31b (PWD, AO)
\bibhang=\skip59
\bibsep=\skip60
LaTeX Info: Redefining \cite on input line 694.
\c@NAT@ctr=\count283
)
(/usr/share/texlive/texmf-dist/tex/latex/hyperref/hyperref.sty
Package: hyperref 2024-01-20 v7.01h Hypertext links for LaTeX

(/usr/share/texlive/texmf-dist/tex/latex/kvsetkeys/kvsetkeys.sty
Package: kvsetkeys 2022-10-05 v1.19 Key value parser (HO)
)
(/usr/share/texlive/texmf-dist/tex/generic/kvdefinekeys/kvdefinekeys.sty
Package: kvdefinekeys 2019-12-19 v1.6 Define keys (HO)
)
(/usr/share/texlive/texmf-dist/tex/generic/pdfescape/pdfescape.sty
Package: pdfescape 2019/12/09 v1.15 Implements pdfTeX's escape features (HO)

(/usr/share/texlive/texmf-dist/tex/generic/pdftexcmds/pdftexcmds.sty
Package: pdftexcmds 2020-06-27 v0.33 Utility functions of pdfTeX for LuaTeX (HO
)
Package pdftexcmds Info: \pdf@primitive is available.
Package pdftexcmds Info: \pdf@ifprimitive is available.
Package pdftexcmds Info: \pdfdraftmode found.
))
(/usr/share/texlive/texmf-dist/tex/latex/hycolor/hycolor.sty
Package: hycolor 2020-01-27 v1.10 Color options for hyperref/bookmark (HO)
)
(/usr/share/texlive/texmf-dist/tex/latex/auxhook/auxhook.sty
Package: auxhook 2019-12-17 v1.6 Hooks for auxiliary files (HO)
)
(/usr/share/texlive/texmf-dist/tex/latex/hyperref/nameref.sty
Package: nameref 2023-11-26 v2.56 Cross-referencing by name of section

(/usr/share/texlive/texmf-dist/tex/generic/gettitlestring/gettitlestring.sty
Package: gettitlestring 2019/12/15 v1.6 Cleanup title references (HO)

(/usr/share/texlive/texmf-dist/tex/latex/kvoptions/kvoptions.sty
Package: kvoptions 2022-06-15 v3.15 Key value format for package options (HO)
))
\c@section@level=\count284
)
\@linkdim=\dimen167
\Hy@linkcounter=\count285
\Hy@pagecounter=\count286

(/usr/share/texlive/texmf-dist/tex/latex/hyperref/pd1enc.def
File: pd1enc.def 2024-01-20 v7.01h Hyperref: PDFDocEncoding definition (HO)
Now handling font encoding PD1 ...
... no UTF-8 mapping file for font encoding PD1
)
(/usr/share/texlive/texmf-dist/tex/generic/intcalc/intcalc.sty
Package: intcalc 2019/12/15 v1.3 Expandable calculations with integers (HO)
)
\Hy@SavedSpaceFactor=\count287

(/usr/share/texlive/texmf-dist/tex/latex/hyperref/puenc.def
File: puenc.def 2024-01-20 v7.01h Hyperref: PDF Unicode definition (HO)
Now handling font encoding PU ...
... no UTF-8 mapping file for font encoding PU
)
Package hyperref Info: Option `bookmarksnumbered' set `true' on input line 4062
.
Package hyperref Info: Option `unicode' set `true' on input line 4062.
Package hyperref Info: Hyper figures OFF on input line 4179.
Package hyperref Info: Link nesting OFF on input line 4184.
Package hyperref Info: Hyper index ON on input line 4187.
Package hyperref Info: Plain pages OFF on input line 4194.
Package hyperref Info: Backreferencing OFF on input line 4199.
Package hyperref Info: Implicit mode ON; LaTeX internals redefined.
Package hyperref Info: Bookmarks ON on input line 4446.
\c@Hy@tempcnt=\count288

(/usr/share/texlive/texmf-dist/tex/latex/url/url.sty
\Urlmuskip=\muskip17
Package: url 2013/09/16  ver 3.4  Verb mode for urls, etc.
)
LaTeX Info: Redefining \url on input line 4784.
\XeTeXLinkMargin=\dimen168

(/usr/share/texlive/texmf-dist/tex/generic/bitset/bitset.sty
Package: bitset 2019/12/09 v1.3 Handle bit-vector datatype (HO)

(/usr/share/texlive/texmf-dist/tex/generic/bigintcalc/bigintcalc.sty
Package: bigintcalc 2019/12/15 v1.5 Expandable calculations on big integers (HO
)
))
\Fld@menulength=\count289
\Field@Width=\dimen169
\Fld@charsize=\dimen170
Package hyperref Info: Hyper figures OFF on input line 6063.
Package hyperref Info: Link nesting OFF on input line 6068.
Package hyperref Info: Hyper index ON on input line 6071.
Package hyperref Info: backreferencing OFF on input line 6078.
Package hyperref Info: Link coloring OFF on input line 6083.
Package hyperref Info: Link coloring with OCG OFF on input line 6088.
Package hyperref Info: PDF/A mode OFF on input line 6093.

(/usr/share/texlive/texmf-dist/tex/latex/base/atbegshi-ltx.sty
Package: atbegshi-ltx 2021/01/10 v1.0c Emulation of the original atbegshi
package with kernel methods
)
\Hy@abspage=\count290
\c@Item=\count291
\c@Hfootnote=\count292
)
Package hyperref Info: Driver (autodetected): hpdftex.

(/usr/share/texlive/texmf-dist/tex/latex/hyperref/hpdftex.def
File: hpdftex.def 2024-01-20 v7.01h Hyperref driver for pdfTeX

(/usr/share/texlive/texmf-dist/tex/latex/base/atveryend-ltx.sty
Package: atveryend-ltx 2020/08/19 v1.0a Emulation of the original atveryend pac
kage
with kernel methods
)
\Fld@listcount=\count293
\c@bookmark@seq@number=\count294

(/usr/share/texlive/texmf-dist/tex/latex/rerunfilecheck/rerunfilecheck.sty
Package: rerunfilecheck 2022-07-10 v1.10 Rerun checks for auxiliary files (HO)

(/usr/share/texlive/texmf-dist/tex/generic/uniquecounter/uniquecounter.sty
Package: uniquecounter 2019/12/15 v1.4 Provide unlimited unique counter (HO)
)
Package uniquecounter Info: New unique counter `rerunfilecheck' on input line 2
85.
)
\Hy@SectionHShift=\skip61
)
(/usr/share/texlive/texmf-dist/tex/latex/hyperxmp/hyperxmp.sty
Package: hyperxmp 2023/09/10 v5.12 Store hyperref metadata in XMP format
\hyxmp@aep@toks=\toks32

(/usr/share/texlive/texmf-dist/tex/generic/stringenc/stringenc.sty
Package: stringenc 2019/11/29 v1.12 Convert strings between diff. encodings (HO
)
)
(/usr/share/texlive/texmf-dist/tex/latex/ifmtarg/ifmtarg.sty
Package: ifmtarg 2018/04/16 v1.2b check for an empty argument
)
(/usr/share/texlive/texmf-dist/tex/latex/base/ifthen.sty
Package: ifthen 2022/04/13 v1.1d Standard LaTeX ifthen package (DPC)
)
\@hyxmp@count=\count295

(/usr/share/texlive/texmf-dist/tex/latex/oberdiek/ifdraft.sty
Package: ifdraft 2016/05/16 v1.4 Detect class options draft and final (HO)
)
(/usr/share/texlive/texmf-dist/tex/generic/iftex/ifluatex.sty
Package: ifluatex 2019/10/25 v1.5 ifluatex legacy package. Use iftex instead.
))
(/usr/share/texlive/texmf-dist/tex/latex/graphics/graphicx.sty
Package: graphicx 2021/09/16 v1.2d Enhanced LaTeX Graphics (DPC,SPQR)

(/usr/share/texlive/texmf-dist/tex/latex/graphics/graphics.sty
Package: graphics 2022/03/10 v1.4e Standard LaTeX Graphics (DPC,SPQR)

(/usr/share/texlive/texmf-dist/tex/latex/graphics/trig.sty
Package: trig 2021/08/11 v1.11 sin cos tan (DPC)
)
(/usr/share/texlive/texmf-dist/tex/latex/graphics-cfg/graphics.cfg
File: graphics.cfg 2016/06/04 v1.11 sample graphics configuration
)
Package graphics Info: Driver file: pdftex.def on input line 107.

(/usr/share/texlive/texmf-dist/tex/latex/graphics-def/pdftex.def
File: pdftex.def 2022/09/22 v1.2b Graphics/color driver for pdftex
))
\Gin@req@height=\dimen171
\Gin@req@width=\dimen172
)
(/usr/share/texlive/texmf-dist/tex/latex/xcolor/xcolor.sty
Package: xcolor 2023/11/15 v3.01 LaTeX color extensions (UK)

(/usr/share/texlive/texmf-dist/tex/latex/graphics-cfg/color.cfg
File: color.cfg 2016/01/02 v1.6 sample color configuration
)
Package xcolor Info: Driver file: pdftex.def on input line 274.

(/usr/share/texlive/texmf-dist/tex/latex/graphics/mathcolor.ltx)
Package xcolor Info: Model `cmy' substituted by `cmy0' on input line 1350.
Package xcolor Info: Model `hsb' substituted by `rgb' on input line 1354.
Package xcolor Info: Model `RGB' extended on input line 1366.
Package xcolor Info: Model `HTML' substituted by `rgb' on input line 1368.
Package xcolor Info: Model `Hsb' substituted by `hsb' on input line 1369.
Package xcolor Info: Model `tHsb' substituted by `hsb' on input line 1370.
Package xcolor Info: Model `HSB' substituted by `hsb' on input line 1371.
Package xcolor Info: Model `Gray' substituted by `gray' on input line 1372.
Package xcolor Info: Model `wave' substituted by `hsb' on input line 1373.
)
(/usr/share/texlive/texmf-dist/tex/latex/geometry/geometry.sty
Package: geometry 2020/01/02 v5.9 Page Geometry

(/usr/share/texlive/texmf-dist/tex/generic/iftex/ifvtex.sty
Package: ifvtex 2019/10/25 v1.7 ifvtex legacy package. Use iftex instead.
)
\Gm@cnth=\count296
\Gm@cntv=\count297
\c@Gm@tempcnt=\count298
\Gm@bindingoffset=\dimen173
\Gm@wd@mp=\dimen174
\Gm@odd@mp=\dimen175
\Gm@even@mp=\dimen176
\Gm@layoutwidth=\dimen177
\Gm@layoutheight=\dimen178
\Gm@layouthoffset=\dimen179
\Gm@layoutvoffset=\dimen180
\Gm@dimlist=\toks33
)
(/usr/share/texlive/texmf-dist/tex/latex/ncctools/manyfoot.sty
Package: manyfoot 2019/08/03 v1.11 Many Footnote Levels Package (NCC)

(/usr/share/texlive/texmf-dist/tex/latex/ncctools/nccfoots.sty
Package: nccfoots 2005/02/03 v1.2 NCC Footnotes Package (NCC)
)
\MFL@columnwidth=\dimen181
)
\footinsauthorsaddresses=\insert251
\c@footnoteauthorsaddresses=\count299
\footinscopyrightpermission=\insert250
\c@footnotecopyrightpermission=\count300

(/usr/share/texlive/texmf-dist/tex/generic/pdftex/glyphtounicode.tex)
(/usr/share/texlive/texmf-dist/tex/latex/cmap/cmap.sty
Package: cmap 2021/02/06 v1.0j CMap support: searchable PDF
)
(/usr/share/texlive/texmf-dist/tex/latex/base/fontenc.sty
Package: fontenc 2021/04/29 v2.0v Standard LaTeX package
<<t1.cmap>>)
(/usr/share/texlive/texmf-dist/tex/latex/libertine/libertine.sty
Package: libertine 2023/11/26 (Bob Tennent) Supports Libertine and Biolinum fon
ts for all LaTeX engines.

(/usr/share/texlive/texmf-dist/tex/generic/iftex/ifxetex.sty
Package: ifxetex 2019/10/25 v0.7 ifxetex legacy package. Use iftex instead.
)
(/usr/share/texlive/texmf-dist/tex/latex/base/textcomp.sty
Package: textcomp 2020/02/02 v2.0n Standard LaTeX package
)
(/usr/share/texlive/texmf-dist/tex/latex/base/fontenc.sty
Package: fontenc 2021/04/29 v2.0v Standard LaTeX package
)
(/usr/share/texlive/texmf-dist/tex/latex/fontaxes/fontaxes.sty
Package: fontaxes 2020/07/21 v1.0e Font selection axes
LaTeX Info: Redefining \upshape on input line 29.
LaTeX Info: Redefining \itshape on input line 31.
LaTeX Info: Redefining \slshape on input line 33.
LaTeX Info: Redefining \swshape on input line 35.
LaTeX Info: Redefining \scshape on input line 37.
LaTeX Info: Redefining \sscshape on input line 39.
LaTeX Info: Redefining \ulcshape on input line 41.
LaTeX Info: Redefining \textsw on input line 47.
LaTeX Info: Redefining \textssc on input line 48.
LaTeX Info: Redefining \textulc on input line 49.
)
LaTeX Info: Redefining \oldstylenums on input line 485.

(/usr/share/texlive/texmf-dist/tex/latex/libertine/LinLibertine_I.tex))
(/usr/share/texlive/texmf-dist/tex/latex/inconsolata/zi4.sty
Package: zi4 2019/05/17 v1.12

`inconsolata-zi4' v1.12, 2019/05/17 Text macros for Inconsolata (msharpe)
\zifour@ocount=\count301
)
(/usr/share/texlive/texmf-dist/tex/latex/newtx/newtxmath.sty
Package: newtxmath 2023/11/05 v1.732

`newtxmath' v1.732, 2023/11/05 Math macros based originally on txfonts (msharpe
) (/usr/share/texlive/texmf-dist/tex/latex/oberdiek/centernot.sty
Package: centernot 2016/05/16 v1.4 Centers the not symbol horizontally (HO)
)
\tx@cntz=\count302

(/usr/share/texlive/texmf-dist/tex/generic/kastrup/binhex.tex)
\tx@Isdigit=\count303
\tx@IsAlNum=\count304
\tx@tA=\toks34
\tx@tB=\toks35
\tx@su=\read2

amsthm NOT loaded
LaTeX Font Info:    Redeclaring symbol font `operators' on input line 390.
LaTeX Font Info:    Overwriting symbol font `operators' in version `normal'
(Font)                  OT1/cmr/m/n --> OT1/LinuxLibertineT-TLF/m/n on input li
ne 390.
LaTeX Font Info:    Overwriting symbol font `operators' in version `bold'
(Font)                  OT1/cmr/bx/n --> OT1/LinuxLibertineT-TLF/m/n on input l
ine 390.
LaTeX Font Info:    Overwriting symbol font `operators' in version `bold'
(Font)                  OT1/LinuxLibertineT-TLF/m/n --> OT1/LinuxLibertineT-TLF
/sb/n on input line 391.
LaTeX Font Info:    Redeclaring math alphabet \mathsf on input line 397.
LaTeX Font Info:    Overwriting math alphabet `\mathsf' in version `normal'
(Font)                  OT1/cmss/m/n --> T1/LinuxBiolinumT-TLF/m/n on input lin
e 397.
LaTeX Font Info:    Overwriting math alphabet `\mathsf' in version `bold'
(Font)                  OT1/cmss/bx/n --> T1/LinuxBiolinumT-TLF/m/n on input li
ne 397.
LaTeX Font Info:    Redeclaring math alphabet \mathit on input line 398.
LaTeX Font Info:    Overwriting math alphabet `\mathit' in version `normal'
(Font)                  OT1/cmr/m/it --> OT1/LinuxLibertineT-TLF/m/it on input 
line 398.
LaTeX Font Info:    Overwriting math alphabet `\mathit' in version `bold'
(Font)                  OT1/cmr/bx/it --> OT1/LinuxLibertineT-TLF/m/it on input
 line 398.
LaTeX Font Info:    Redeclaring math alphabet \mathtt on input line 399.
LaTeX Font Info:    Overwriting math alphabet `\mathtt' in version `normal'
(Font)                  OT1/cmtt/m/n --> T1/zi4/m/n on input line 399.
LaTeX Font Info:    Overwriting math alphabet `\mathtt' in version `bold'
(Font)                  OT1/cmtt/m/n --> T1/zi4/m/n on input line 399.
LaTeX Font Info:    Redeclaring math alphabet \mathbf on input line 401.
LaTeX Font Info:    Overwriting math alphabet `\mathbf' in version `normal'
(Font)                  OT1/cmr/bx/n --> OT1/LinuxLibertineT-TLF/sb/n on input 
line 401.
LaTeX Font Info:    Overwriting math alphabet `\mathbf' in version `bold'
(Font)                  OT1/cmr/bx/n --> OT1/LinuxLibertineT-TLF/sb/n on input 
line 401.
LaTeX Font Info:    Overwriting math alphabet `\mathit' in version `bold'
(Font)                  OT1/LinuxLibertineT-TLF/m/it --> OT1/LinuxLibertineT-TL
F/sb/it on input line 402.
LaTeX Font Info:    Overwriting math alphabet `\mathsf' in version `bold'
(Font)                  T1/LinuxBiolinumT-TLF/m/n --> T1/LinuxBiolinumT-TLF/b/n
 on input line 403.
LaTeX Font Info:    Overwriting math alphabet `\mathtt' in version `bold'
(Font)                  T1/zi4/m/n --> T1/zi4/b/n on input line 404.
LaTeX Font Info:    Redeclaring symbol font `letters' on input line 422.
LaTeX Font Info:    Overwriting symbol font `letters' in version `normal'
(Font)                  OML/cmm/m/it --> OML/nxlmi/m/it on input line 422.
LaTeX Font Info:    Overwriting symbol font `letters' in version `bold'
(Font)                  OML/cmm/b/it --> OML/nxlmi/m/it on input line 422.
LaTeX Font Info:    Overwriting symbol font `letters' in version `bold'
(Font)                  OML/nxlmi/m/it --> OML/nxlmi/b/it on input line 423.
\symlettersA=\mathgroup6
LaTeX Font Info:    Overwriting symbol font `lettersA' in version `bold'
(Font)                  U/ntxmia/m/it --> U/ntxmia/b/it on input line 562.
LaTeX Font Info:    Redeclaring math alphabet \mathfrak on input line 564.
Now handling font encoding LMS ...
... no UTF-8 mapping file for font encoding LMS
LaTeX Font Info:    Redeclaring symbol font `symbols' on input line 583.
LaTeX Font Info:    Encoding `OMS' has changed to `LMS' for symbol font
(Font)              `symbols' in the math version `normal' on input line 583.
LaTeX Font Info:    Overwriting symbol font `symbols' in version `normal'
(Font)                  OMS/cmsy/m/n --> LMS/ntxsy/m/n on input line 583.
LaTeX Font Info:    Encoding `OMS' has changed to `LMS' for symbol font
(Font)              `symbols' in the math version `bold' on input line 583.
LaTeX Font Info:    Overwriting symbol font `symbols' in version `bold'
(Font)                  OMS/cmsy/b/n --> LMS/ntxsy/m/n on input line 583.
LaTeX Font Info:    Overwriting symbol font `symbols' in version `bold'
(Font)                  LMS/ntxsy/m/n --> LMS/ntxsy/b/n on input line 584.
\symAMSm=\mathgroup7
LaTeX Font Info:    Overwriting symbol font `AMSm' in version `bold'
(Font)                  U/ntxsym/m/n --> U/ntxsym/b/n on input line 609.
\symsymbolsC=\mathgroup8
LaTeX Font Info:    Overwriting symbol font `symbolsC' in version `bold'
(Font)                  U/ntxsyc/m/n --> U/ntxsyc/b/n on input line 630.
Now handling font encoding LMX ...
... no UTF-8 mapping file for font encoding LMX
LaTeX Font Info:    Redeclaring symbol font `largesymbols' on input line 643.
LaTeX Font Info:    Encoding `OMX' has changed to `LMX' for symbol font
(Font)              `largesymbols' in the math version `normal' on input line 6
43.
LaTeX Font Info:    Overwriting symbol font `largesymbols' in version `normal'
(Font)                  OMX/cmex/m/n --> LMX/ntxexx/m/n on input line 643.
LaTeX Font Info:    Encoding `OMX' has changed to `LMX' for symbol font
(Font)              `largesymbols' in the math version `bold' on input line 643
.
LaTeX Font Info:    Overwriting symbol font `largesymbols' in version `bold'
(Font)                  OMX/cmex/m/n --> LMX/ntxexx/m/n on input line 643.
LaTeX Font Info:    Overwriting symbol font `largesymbols' in version `bold'
(Font)                  LMX/ntxexx/m/n --> LMX/ntxexx/b/n on input line 644.
\symlargesymbolsTXA=\mathgroup9
LaTeX Font Info:    Overwriting symbol font `largesymbolsTXA' in version `bold'

(Font)                  U/ntxexa/m/n --> U/ntxexa/b/n on input line 658.
\tx@sbptoks=\toks36
LaTeX Font Info:    Redeclaring math delimiter \lfloor on input line 881.
LaTeX Font Info:    Redeclaring math delimiter \rfloor on input line 882.
LaTeX Font Info:    Redeclaring math delimiter \lceil on input line 883.
LaTeX Font Info:    Redeclaring math delimiter \rceil on input line 884.
LaTeX Font Info:    Redeclaring math delimiter \lbrace on input line 889.
LaTeX Font Info:    Redeclaring math delimiter \rbrace on input line 890.
LaTeX Font Info:    Redeclaring math delimiter \langle on input line 892.
LaTeX Font Info:    Redeclaring math delimiter \rangle on input line 894.
LaTeX Font Info:    Redeclaring math delimiter \arrowvert on input line 898.
LaTeX Font Info:    Redeclaring math delimiter \vert on input line 899.
LaTeX Font Info:    Redeclaring math accent \dot on input line 970.
LaTeX Font Info:    Redeclaring math accent \ddot on input line 971.
LaTeX Font Info:    Redeclaring math accent \vec on input line 2044.
LaTeX Info: Redefining \Bbbk on input line 2834.
LaTeX Info: Redefining \not on input line 2982.
LaTeX Info: Redefining \textsquare on input line 3012.
LaTeX Info: Redefining \openbox on input line 3014.
) (/usr/share/texlive/texmf-dist/tex/latex/psnfss/pifont.sty
Package: pifont 2020/03/25 PSNFSS-v9.3 Pi font support (SPQR) 
LaTeX Font Info:    Trying to load font information for U+pzd on input line 63.


(/usr/share/texlive/texmf-dist/tex/latex/psnfss/upzd.fd
File: upzd.fd 2001/06/04 font definitions for U/pzd.
)
LaTeX Font Info:    Trying to load font information for U+psy on input line 64.


(/usr/share/texlive/texmf-dist/tex/latex/psnfss/upsy.fd
File: upsy.fd 2001/06/04 font definitions for U/psy.
))
(/usr/share/texlive/texmf-dist/tex/latex/caption/caption.sty
Package: caption 2023/08/05 v3.6o Customizing captions (AR)

(/usr/share/texlive/texmf-dist/tex/latex/caption/caption3.sty
Package: caption3 2023/07/31 v2.4d caption3 kernel (AR)
\caption@tempdima=\dimen182
\captionmargin=\dimen183
\caption@leftmargin=\dimen184
\caption@rightmargin=\dimen185
\caption@width=\dimen186
\caption@indent=\dimen187
\caption@parindent=\dimen188
\caption@hangindent=\dimen189
Package caption Info: AMS or SMF document class detected.

(/usr/share/texlive/texmf-dist/tex/latex/caption/caption-ams-smf.sto
File: caption-ams-smf.sto 2020/08/22 v2.0 Adaption of the caption package to th
e AMS and SMF document classes (AR)
))
\c@caption@flags=\count305
\c@continuedfloat=\count306
Package caption Info: hyperref package is loaded.
)
(/usr/share/texlive/texmf-dist/tex/latex/float/float.sty
Package: float 2001/11/08 v1.3d Float enhancements (AL)
\c@float@type=\count307
\float@exts=\toks37
\float@box=\box55
\@float@everytoks=\toks38
\@floatcapt=\box56
)
\@float@every@sidebar=\toks39
\c@sidebar=\count308
\fulltextwidth=\dimen190
\@ACM@labelwidth=\dimen191
\listisep=\skip62
\num@authorgroups=\count309
\num@authors=\count310
\@ACM@badge@width=\skip63
\@ACM@title@width=\skip64
\@ACM@badge@skip=\skip65
Class acmart Info: Printing CCS on input line 1808.
Class acmart Info: Printing bibformat on input line 1808.
Class acmart Info: Suppressing folios on input line 1815.
Class acmart Info: Setting authorsperrow to 0 on input line 1818.

(/usr/share/texlive/texmf-dist/tex/latex/comment/comment.sty
\CommentStream=\write3

Excluding comment 'comment') Excluding comment 'CCSXML'
\c@@concepts=\count311
\mktitle@bx=\box57
\@ACM@acmcpbox=\box58
\@ACM@commabox=\box59
\author@bx=\box60
\author@bx@wd=\dimen192
\author@bx@sep=\skip66

(/usr/share/texlive/texmf-dist/tex/latex/fancyhdr/fancyhdr.sty
Package: fancyhdr 2022/11/09 v4.1 Extensive control of page headers and footers

\f@nch@headwidth=\skip67
\f@nch@O@elh=\skip68
\f@nch@O@erh=\skip69
\f@nch@O@olh=\skip70
\f@nch@O@orh=\skip71
\f@nch@O@elf=\skip72
\f@nch@O@erf=\skip73
\f@nch@O@olf=\skip74
\f@nch@O@orf=\skip75
)
Special comment 'acks'
LaTeX Font Info:    Trying to load font information for T1+LinuxLibertineT-TLF 
on input line 3611.

(/usr/share/texlive/texmf-dist/tex/latex/libertine/T1LinuxLibertineT-TLF.fd
File: T1LinuxLibertineT-TLF.fd 2017/03/20 (autoinst) Font definitions for T1/Li
nuxLibertineT-TLF.
)
LaTeX Font Info:    Font shape `T1/LinuxLibertineT-TLF/m/n' will be
(Font)              scaled to size 9.0pt on input line 3611.
)
(/usr/share/texlive/texmf-dist/tex/latex/mathtools/mathtools.sty
Package: mathtools 2022/06/29 v1.29 mathematical typesetting tools

(/usr/share/texlive/texmf-dist/tex/latex/tools/calc.sty
Package: calc 2023/07/08 v4.3 Infix arithmetic (KKT,FJ)
\calc@Acount=\count312
\calc@Bcount=\count313
\calc@Adimen=\dimen193
\calc@Bdimen=\dimen194
\calc@Askip=\skip76
\calc@Bskip=\skip77
LaTeX Info: Redefining \setlength on input line 80.
LaTeX Info: Redefining \addtolength on input line 81.
\calc@Ccount=\count314
\calc@Cskip=\skip78
)
(/usr/share/texlive/texmf-dist/tex/latex/mathtools/mhsetup.sty
Package: mhsetup 2021/03/18 v1.4 programming setup (MH)
)
\g_MT_multlinerow_int=\count315
\l_MT_multwidth_dim=\dimen195
\origjot=\skip79
\l_MT_shortvdotswithinadjustabove_dim=\dimen196
\l_MT_shortvdotswithinadjustbelow_dim=\dimen197
\l_MT_above_intertext_sep=\dimen198
\l_MT_below_intertext_sep=\dimen199
\l_MT_above_shortintertext_sep=\dimen256
\l_MT_below_shortintertext_sep=\dimen257
\xmathstrut@box=\box61
\xmathstrut@dim=\dimen258
)
(/usr/share/texlive/texmf-dist/tex/latex/mhchem/mhchem.sty
Package: mhchem 2024/01/29 v4.10 for typesetting chemical formulae

(/usr/share/texlive/texmf-dist/tex/latex/l3kernel/expl3.sty
Package: expl3 2024-01-22 L3 programming layer (loader) 

(/usr/share/texlive/texmf-dist/tex/latex/l3backend/l3backend-pdftex.def
File: l3backend-pdftex.def 2024-01-04 L3 backend support: PDF output (pdfTeX)
\l__color_backend_stack_int=\count316
\l__pdf_internal_box=\box62
))
(/usr/share/texlive/texmf-dist/tex/latex/l3packages/l3keys2e/l3keys2e.sty
Package: l3keys2e 2023-10-10 LaTeX2e option processing using LaTeX3 keys
)
(/usr/share/texlive/texmf-dist/tex/latex/chemgreek/chemgreek.sty
(/usr/share/texlive/texmf-dist/tex/latex/l3packages/xparse/xparse.sty
Package: xparse 2023-10-10 L3 Experimental document command parser
)
Package: chemgreek 2020/01/16 v1.1a interface for upright Greek letters for use
 in chemistry (CN)
\l__chemgreek_tmpa_int=\count317
\g__chemgreek_tmpa_int=\count318
)
\l__mhchem_ce_distanceFromLastComma_int=\count319
\__mhchem_arrow_extPgfLength_skip=\skip80
\mhchem@minispace@tmp=\skip81
\mhchem@minibackspace@tmp=\skip82
\mhchem@bondwidth=\skip83
\mhchem@bondheight=\skip84
\mhchem@smallbondwidth@tmpA=\skip85
\mhchem@smallbondwidth@tmpB=\skip86
\mhchem@smallbondwidth=\skip87
\mhchem@bondtmp@minussidebearingleft=\skip88
\mhchem@bondtmp@minussidebearingright=\skip89
\l__mhchem_option_version_int=\count320
\mhchem@option@minusmathsidebearingleft=\dimen259
\mhchem@option@minusmathsidebearingright=\dimen260
\mhchem@option@minustextsidebearingleft=\dimen261
\mhchem@option@minustextsidebearingright=\dimen262
)
(/usr/share/texlive/texmf-dist/tex/latex/multirow/multirow.sty
Package: multirow 2021/03/15 v2.8 Span multiple rows of a table
\multirow@colwidth=\skip90
\multirow@cntb=\count321
\multirow@dima=\skip91
\bigstrutjot=\dimen263
)
(/usr/share/texlive/texmf-dist/tex/latex/tools/array.sty
Package: array 2023/10/16 v2.5g Tabular extension package (FMi)
\col@sep=\dimen264
\ar@mcellbox=\box63
\extrarowheight=\dimen265
\NC@list=\toks40
\extratabsurround=\skip92
\backup@length=\skip93
\ar@cellbox=\box64
)
(/usr/share/texlive/texmf-dist/tex/latex/adjustbox/adjustbox.sty
Package: adjustbox 2022/10/17 v1.3a Adjusting TeX boxes (trim, clip, ...)

(/usr/share/texlive/texmf-dist/tex/latex/adjustbox/adjcalc.sty
Package: adjcalc 2012/05/16 v1.1 Provides advanced setlength with multiple back
-ends (calc, etex, pgfmath)
)
(/usr/share/texlive/texmf-dist/tex/latex/adjustbox/trimclip.sty
Package: trimclip 2020/08/19 v1.2 Trim and clip general TeX material

(/usr/share/texlive/texmf-dist/tex/latex/collectbox/collectbox.sty
Package: collectbox 2022/10/17 v0.4c Collect macro arguments as boxes
\collectedbox=\box65
)
\tc@llx=\dimen266
\tc@lly=\dimen267
\tc@urx=\dimen268
\tc@ury=\dimen269
Package trimclip Info: Using driver 'tc-pdftex.def'.

(/usr/share/texlive/texmf-dist/tex/latex/adjustbox/tc-pdftex.def
File: tc-pdftex.def 2019/01/04 v2.2 Clipping driver for pdftex
))
\adjbox@Width=\dimen270
\adjbox@Height=\dimen271
\adjbox@Depth=\dimen272
\adjbox@Totalheight=\dimen273
\adjbox@pwidth=\dimen274
\adjbox@pheight=\dimen275
\adjbox@pdepth=\dimen276
\adjbox@ptotalheight=\dimen277

(/usr/share/texlive/texmf-dist/tex/latex/ifoddpage/ifoddpage.sty
Package: ifoddpage 2022/10/18 v1.2 Conditionals for odd/even page detection
\c@checkoddpage=\count322
)
(/usr/share/texlive/texmf-dist/tex/latex/varwidth/varwidth.sty
Package: varwidth 2009/03/30 ver 0.92;  Variable-width minipages
\@vwid@box=\box66
\sift@deathcycles=\count323
\@vwid@loff=\dimen278
\@vwid@roff=\dimen279
))
(/usr/share/texlive/texmf-dist/tex/latex/listings/listings.sty
\lst@mode=\count324
\lst@gtempboxa=\box67
\lst@token=\toks41
\lst@length=\count325
\lst@currlwidth=\dimen280
\lst@column=\count326
\lst@pos=\count327
\lst@lostspace=\dimen281
\lst@width=\dimen282
\lst@newlines=\count328
\lst@lineno=\count329
\lst@maxwidth=\dimen283

(/usr/share/texlive/texmf-dist/tex/latex/listings/lstmisc.sty
File: lstmisc.sty 2023/02/27 1.9 (Carsten Heinz)
\c@lstnumber=\count330
\lst@skipnumbers=\count331
\lst@framebox=\box68
)
(/usr/share/texlive/texmf-dist/tex/latex/listings/listings.cfg
File: listings.cfg 2023/02/27 1.9 listings configuration
))
Package: listings 2023/02/27 1.9 (Carsten Heinz)

(/usr/share/texlive/texmf-dist/tex/latex/algorithms/algorithm.sty
Package: algorithm 2009/08/24 v0.1 Document Style `algorithm' - floating enviro
nment
\@float@every@algorithm=\toks42
\c@algorithm=\count332
)
(/usr/share/texlive/texmf-dist/tex/latex/algorithmicx/algpseudocode.sty
Package: algpseudocode 

(/usr/share/texlive/texmf-dist/tex/latex/algorithmicx/algorithmicx.sty
Package: algorithmicx 2005/04/27 v1.2 Algorithmicx

Document Style algorithmicx 1.2 - a greatly improved `algorithmic' style
\c@ALG@line=\count333
\c@ALG@rem=\count334
\c@ALG@nested=\count335
\ALG@tlm=\skip94
\ALG@thistlm=\skip95
\c@ALG@Lnr=\count336
\c@ALG@blocknr=\count337
\c@ALG@storecount=\count338
\c@ALG@tmpcounter=\count339
\ALG@tmplength=\skip96
)
Document Style - pseudocode environments for use with the `algorithmicx' style
) (/usr/share/texlive/texmf-dist/tex/latex/placeins/placeins.sty
Package: placeins 2005/04/18  v 2.2
)
(/usr/share/texlive/texmf-dist/tex/latex/enumitem/enumitem.sty
Package: enumitem 2019/06/20 v3.9 Customized lists
\enitkv@toks@=\toks43
\labelindent=\skip97
\enit@outerparindent=\dimen284
\enit@toks=\toks44
\enit@inbox=\box69
\enit@count@id=\count340
\enitdp@description=\count341
)
(/usr/share/texlive/texmf-dist/tex/latex/fontawesome5/fontawesome5.sty
Package: fontawesome5 2022/05/02 v5.15.4 Font Awesome 5

(/usr/share/texlive/texmf-dist/tex/latex/fontawesome5/fontawesome5-generic-help
er.sty
Package: fontawesome5-generic-helper 2022/05/02 v5.15.4 non-uTeX helper for fon
tawesome5

(/usr/share/texlive/texmf-dist/tex/latex/fontawesome5/fontawesome5-mapping.def)
)) (/usr/share/texlive/texmf-dist/tex/latex/listings/lstlang1.sty
File: lstlang1.sty 2023/02/27 1.9 listings language file
)
Class acmart Info: Setting authorsperrow to 3 on input line 153.
Package hyperref Info: Option `colorlinks' set `true' on input line 155.
Package hyperref Info: Option `pdfdisplaydoctitle' set `true' on input line 155
.
\c@theorem=\count342

(/usr/share/texlive/texmf-dist/tex/latex/preprint/balance.sty
Package: balance 1999/02/23 4.3 (PWD)
\oldvsize=\dimen285
)
Include comment 'screenonly' Excluding comment 'printonly'
Include comment 'anonsuppress' (./report.aux)
\openout1 = `report.aux'.

LaTeX Font Info:    Checking defaults for OML/nxlmi/m/it on input line 155.
LaTeX Font Info:    Trying to load font information for OML+nxlmi on input line
 155.

(/usr/share/texlive/texmf-dist/tex/latex/newtx/omlnxlmi.fd
File: omlnxlmi.fd 2013/11/19 Fontinst v1.933 font definitions for OML/nxlmi.
)
LaTeX Font Info:    ... okay on input line 155.
LaTeX Font Info:    Checking defaults for OMS/cmsy/m/n on input line 155.
LaTeX Font Info:    ... okay on input line 155.
LaTeX Font Info:    Checking defaults for OT1/cmr/m/n on input line 155.
LaTeX Font Info:    ... okay on input line 155.
LaTeX Font Info:    Checking defaults for T1/cmr/m/n on input line 155.
LaTeX Font Info:    ... okay on input line 155.
LaTeX Font Info:    Checking defaults for TS1/cmr/m/n on input line 155.
LaTeX Font Info:    ... okay on input line 155.
LaTeX Font Info:    Checking defaults for OMX/cmex/m/n on input line 155.
LaTeX Font Info:    ... okay on input line 155.
LaTeX Font Info:    Checking defaults for U/ntxexa/m/n on input line 155.
LaTeX Font Info:    Trying to load font information for U+ntxexa on input line 
155.

(/usr/share/texlive/texmf-dist/tex/latex/newtx/untxexa.fd
File: untxexa.fd 2012/04/16 Fontinst v1.933 font definitions for U/ntxexa.
)
LaTeX Font Info:    ... okay on input line 155.
LaTeX Font Info:    Checking defaults for PD1/pdf/m/n on input line 155.
LaTeX Font Info:    ... okay on input line 155.
LaTeX Font Info:    Checking defaults for PU/pdf/m/n on input line 155.
LaTeX Font Info:    ... okay on input line 155.
LaTeX Font Info:    Checking defaults for LMS/ntxsy/m/n on input line 155.
LaTeX Font Info:    Trying to load font information for LMS+ntxsy on input line
 155.

(/usr/share/texlive/texmf-dist/tex/latex/newtx/lmsntxsy.fd
File: lmsntxsy.fd 2016/07/02 Fontinst v1.933 font definitions for LMS/ntxsy.
)
LaTeX Font Info:    ... okay on input line 155.
LaTeX Font Info:    Checking defaults for LMX/ntxexx/m/n on input line 155.
LaTeX Font Info:    Trying to load font information for LMX+ntxexx on input lin
e 155.

(/usr/share/texlive/texmf-dist/tex/latex/newtx/lmxntxexx.fd
File: lmxntxexx.fd 2016/07/03 Fontinst v1.933 font definitions for LMX/ntxexx.
)
LaTeX Font Info:    ... okay on input line 155.
LaTeX Font Info:    Font shape `T1/LinuxLibertineT-TLF/m/n' will be
(Font)              scaled to size 7.0pt on input line 155.
LaTeX Font Info:    Trying to load font information for OT1+LinuxLibertineT-TLF
 on input line 155.

(/usr/share/texlive/texmf-dist/tex/latex/libertine/OT1LinuxLibertineT-TLF.fd
File: OT1LinuxLibertineT-TLF.fd 2017/03/20 (autoinst) Font definitions for OT1/
LinuxLibertineT-TLF.
)
LaTeX Font Info:    Font shape `OT1/LinuxLibertineT-TLF/m/n' will be
(Font)              scaled to size 7.3pt on input line 155.
<<ot1.cmap>>
LaTeX Font Info:    Font shape `OT1/LinuxLibertineT-TLF/m/n' will be
(Font)              scaled to size 5.5pt on input line 155.
<<oml.cmap>>
LaTeX Font Info:    Trying to load font information for U+msa on input line 155
.

(/usr/share/texlive/texmf-dist/tex/latex/amsfonts/umsa.fd
File: umsa.fd 2013/01/14 v3.01 AMS symbols A
)
LaTeX Font Info:    Trying to load font information for U+msb on input line 155
.

(/usr/share/texlive/texmf-dist/tex/latex/amsfonts/umsb.fd
File: umsb.fd 2013/01/14 v3.01 AMS symbols B
)
LaTeX Font Info:    Trying to load font information for U+ntxmia on input line 
155.

(/usr/share/texlive/texmf-dist/tex/latex/newtx/untxmia.fd
File: untxmia.fd 2018/04/14 Fontinst v1.933 font definitions for U/ntxmia.
)
LaTeX Font Info:    Trying to load font information for U+ntxsym on input line 
155.

(/usr/share/texlive/texmf-dist/tex/latex/newtx/untxsym.fd
File: untxsym.fd 2023/08/16 Fontinst v1.933 font definitions for U/ntxsym.
)
LaTeX Font Info:    Trying to load font information for U+ntxsyc on input line 
155.

(/usr/share/texlive/texmf-dist/tex/latex/newtx/untxsyc.fd
File: untxsyc.fd 2012/04/12 Fontinst v1.933 font definitions for U/ntxsyc.
)
LaTeX Info: Command `\dddot' is already robust on input line 155.
LaTeX Info: Command `\ddddot' is already robust on input line 155.
LaTeX Info: Redefining \microtypecontext on input line 155.
Package microtype Info: Applying patch `item' on input line 155.
Package microtype Info: Applying patch `toc' on input line 155.
Package microtype Info: Applying patch `eqnum' on input line 155.
Package microtype Info: Applying patch `footnote' on input line 155.
Package microtype Info: Applying patch `verbatim' on input line 155.
Package microtype Info: Generating PDF output.
Package microtype Info: Character protrusion enabled (level 2).
Package microtype Info: Using default protrusion set `alltext'.
Package microtype Info: Automatic font expansion enabled (level 2),
(microtype)             stretch: 20, shrink: 20, step: 1, non-selected.
Package microtype Info: Using default expansion set `alltext-nott'.
LaTeX Info: Redefining \showhyphens on input line 155.
Package microtype Info: No adjustment of tracking.
Package microtype Info: No adjustment of interword spacing.
Package microtype Info: No adjustment of character kerning.
Package microtype Info: Loading generic protrusion settings for font family
(microtype)             `LinuxLibertineT-TLF' (encoding: T1).
(microtype)             For optimal results, create family-specific settings.
(microtype)             See the microtype manual for details.
Package hyperref Info: Link coloring ON on input line 155.
 (./report.out)
(./report.out)
\@outlinefile=\write4
\openout4 = `report.out'.


(/usr/share/texlive/texmf-dist/tex/context/base/mkii/supp-pdf.mkii
[Loading MPS to PDF converter (version 2006.09.02).]
\scratchcounter=\count343
\scratchdimen=\dimen286
\scratchbox=\box70
\nofMPsegments=\count344
\nofMParguments=\count345
\everyMPshowfont=\toks45
\MPscratchCnt=\count346
\MPscratchDim=\dimen287
\MPnumerator=\count347
\makeMPintoPDFobject=\count348
\everyMPtoPDFconversion=\toks46
) (/usr/share/texlive/texmf-dist/tex/latex/epstopdf-pkg/epstopdf-base.sty
Package: epstopdf-base 2020-01-24 v2.11 Base part for package epstopdf
Package epstopdf-base Info: Redefining graphics rule for `.eps' on input line 4
85.

(/usr/share/texlive/texmf-dist/tex/latex/latexconfig/epstopdf-sys.cfg
File: epstopdf-sys.cfg 2010/07/13 v1.3 Configuration of (r)epstopdf for TeX Liv
e
))
*geometry* driver: auto-detecting
*geometry* detected driver: pdftex
*geometry* verbose mode - [ preamble ] result:
* driver: pdftex
* paper: custom
* layout: <same size as paper>
* layoutoffset:(h,v)=(0.0pt,0.0pt)
* modes: includehead includefoot twoside heightrounded 
* h-part:(L,W,R)=(54.0pt, 506.295pt, 54.0pt)
* v-part:(T,H,B)=(57.0pt, 664.96999pt, 73.0pt)
* \paperwidth=614.295pt
* \paperheight=794.96999pt
* \textwidth=506.295pt
* \textheight=626.0pt
* \oddsidemargin=-18.26999pt
* \evensidemargin=-18.26999pt
* \topmargin=-15.26999pt
* \headheight=13.0pt
* \headsep=14.0pt
* \topskip=10.0pt
* \footskip=12.0pt
* \marginparwidth=24.0pt
* \marginparsep=11.0pt
* \columnsep=24.0pt
* \skip\footins=7.0pt plus 11.0pt
* \hoffset=0.0pt
* \voffset=0.0pt
* \mag=1000
* \@twocolumnfalse
* \@twosidetrue
* \@mparswitchtrue
* \@reversemarginfalse
* (1in=72.27pt=25.4mm, 1cm=28.453pt)

\c@mv@tabular=\count349
\c@mv@boldtabular=\count350
(/usr/share/texlive/texmf-dist/tex/latex/upquote/upquote.sty
Package: upquote 2012/04/19 v1.3 upright-quote and grave-accent glyphs in verba
tim
)
Package caption Info: Begin \AtBeginDocument code.
Package caption Info: float package is loaded.
Package caption Info: listings package is loaded.
Package caption Info: End \AtBeginDocument code.

Package chemgreek Info: Activating mapping `newtx' on line 155.

\c@lstlisting=\count351
LaTeX Font Info:    Font shape `T1/LinuxLibertineT-TLF/m/n' will be
(Font)              scaled to size 17.28pt on input line 187.
LaTeX Font Info:    Trying to load font information for T1+LinuxBiolinumT-TLF o
n input line 187.

(/usr/share/texlive/texmf-dist/tex/latex/libertine/T1LinuxBiolinumT-TLF.fd
File: T1LinuxBiolinumT-TLF.fd 2017/03/20 (autoinst) Font definitions for T1/Lin
uxBiolinumT-TLF.
)
LaTeX Font Info:    Font shape `T1/LinuxBiolinumT-TLF/m/n' will be
(Font)              scaled to size 17.28pt on input line 187.
Package microtype Info: Loading generic protrusion settings for font family
(microtype)             `LinuxBiolinumT-TLF' (encoding: T1).
(microtype)             For optimal results, create family-specific settings.
(microtype)             See the microtype manual for details.
LaTeX Font Info:    Font shape `T1/LinuxBiolinumT-TLF/b/n' will be
(Font)              scaled to size 17.28pt on input line 187.
LaTeX Font Info:    Font shape `T1/LinuxBiolinumT-TLF/b/n' will be
(Font)              scaled to size 9.0pt on input line 187.
LaTeX Font Info:    Font shape `T1/LinuxBiolinumT-TLF/b/n' will be
(Font)              scaled to size 12.0pt on input line 187.
LaTeX Font Info:    Font shape `T1/LinuxBiolinumT-TLF/m/n' will be
(Font)              scaled to size 12.0pt on input line 187.
LaTeX Font Info:    Font shape `T1/LinuxLibertineT-TLF/m/n' will be
(Font)              scaled to size 12.0pt on input line 187.
LaTeX Font Info:    Trying to load font information for TS1+LinuxLibertineT-TLF
 on input line 187.

(/usr/share/texlive/texmf-dist/tex/latex/libertine/TS1LinuxLibertineT-TLF.fd
File: TS1LinuxLibertineT-TLF.fd 2017/03/20 (autoinst) Font definitions for TS1/
LinuxLibertineT-TLF.
)
LaTeX Font Info:    Font shape `TS1/LinuxLibertineT-TLF/m/n' will be
(Font)              scaled to size 9.0pt on input line 187.
Package microtype Info: Loading generic protrusion settings for font family
(microtype)             `LinuxLibertineT-TLF' (encoding: TS1).
(microtype)             For optimal results, create family-specific settings.
(microtype)             See the microtype manual for details.
LaTeX Font Info:    Font shape `T1/LinuxLibertineT-TLF/m/n' will be
(Font)              scaled to size 8.0pt on input line 187.
LaTeX Font Info:    Trying to load font information for U+fontawesomebrands0 on
 input line 187.

(/usr/share/texlive/texmf-dist/tex/latex/fontawesome5/ufontawesomebrands0.fd)
LaTeX Font Info:    Font shape `U/fontawesomebrands0/solid/n' in size <8> not a
vailable
(Font)              Font shape `U/fontawesomebrands0/regular/n' tried instead o
n input line 187.
LaTeX Font Info:    Font shape `T1/LinuxLibertineT-TLF/m/n' will be
(Font)              scaled to size 10.0pt on input line 187.
LaTeX Font Info:    Font shape `T1/LinuxLibertineT-TLF/b/n' will be
(Font)              scaled to size 9.0pt on input line 187.
LaTeX Font Info:    Font shape `T1/LinuxLibertineT-TLF/b/n' will be
(Font)              scaled to size 10.95pt on input line 187.
LaTeX Font Info:    Font shape `OT1/LinuxLibertineT-TLF/m/n' will be
(Font)              scaled to size 9.0pt on input line 187.
Package microtype Info: Loading generic protrusion settings for font family
(microtype)             `LinuxLibertineT-TLF' (encoding: OT1).
(microtype)             For optimal results, create family-specific settings.
(microtype)             See the microtype manual for details.

(/usr/share/texlive/texmf-dist/tex/latex/microtype/mt-msa.cfg
File: mt-msa.cfg 2006/02/04 v1.1 microtype config. file: AMS symbols (a) (RS)
)
(/usr/share/texlive/texmf-dist/tex/latex/microtype/mt-msb.cfg
File: mt-msb.cfg 2005/06/01 v1.0 microtype config. file: AMS symbols (b) (RS)
)
LaTeX Font Info:    Font shape `T1/LinuxLibertineT-TLF/m/n' will be
(Font)              scaled to size 7.3pt on input line 187.
LaTeX Font Info:    Font shape `T1/LinuxLibertineT-TLF/m/n' will be
(Font)              scaled to size 5.5pt on input line 187.


Class acmart Warning: \vspace should only be used to provide space above/below 
surrounding objects on input line 187.

LaTeX Font Info:    Font shape `TS1/LinuxLibertineT-TLF/m/n' will be
(Font)              scaled to size 8.0pt on input line 187.

Class acmart Warning: \vspace should only be used to provide space above/below 
surrounding objects on input line 187.

LaTeX Font Info:    Font shape `T1/LinuxLibertineT-TLF/m/it' will be
(Font)              scaled to size 9.0pt on input line 187.
[1.1{/var/lib/texmf/fonts/map/pdftex/updmap/pdftex.map}{/usr/share/texlive/texm
f-dist/fonts/enc/dvips/libertine/lbtn_25tcsq.enc}{/usr/share/texlive/texmf-dist
/fonts/enc/dvips/libertine/lbtn_76gpa5.enc}{/usr/share/texlive/texmf-dist/fonts
/enc/dvips/libertine/lbtn_naooyc.enc}{/usr/share/texlive/texmf-dist/fonts/enc/d
vips/fontawesome5/fa5brands0.enc}

{/usr/share/texlive/texmf-dist/fonts/enc/dvips/libertine/lbtn_nh77jq.enc}{/usr/
share/texlive/texmf-dist/fonts/enc/dvips/libertine/lbtn_7grukw.enc}{/usr/share/
texlive/texmf-dist/fonts/enc/dvips/libertine/lbtn_oexx6f.enc}]
LaTeX Font Info:    Trying to load font information for T1+zi4 on input line 31
9.
 (/usr/share/texlive/texmf-dist/tex/latex/inconsolata/t1zi4.fd
File: t1zi4.fd 2018/01/14 T1/zi4 (Inconsolata)
)
LaTeX Font Info:    Font shape `T1/zi4/m/n' will be
(Font)              scaled to size 9.0pt on input line 319.
Package microtype Info: Loading generic protrusion settings for font family
(microtype)             `zi4' (encoding: T1).
(microtype)             For optimal results, create family-specific settings.
(microtype)             See the microtype manual for details.

Underfull \hbox (badness 2277) in paragraph at lines 329--335
\T1/LinuxLibertineT-TLF/m/n/9 (+20) ex-act di-ag-o-nal-i-sa-tion of the same ac
tive-space Hamil-ton-ian
 []

LaTeX Font Info:    Font shape `T1/LinuxBiolinumT-TLF/m/n' will be
(Font)              scaled to size 9.0pt on input line 346.
LaTeX Font Info:    Font shape `T1/LinuxBiolinumT-TLF/m/n' will be
(Font)              scaled to size 7.0pt on input line 346.
[2.2{/usr/share/texlive/texmf-dist/fonts/enc/dvips/inconsolata/i4-t1-4.enc}]
LaTeX Font Info:    Font shape `T1/LinuxBiolinumT-TLF/m/it' will be
(Font)              scaled to size 9.0pt on input line 399.
LaTeX Font Info:    Font shape `OT1/LinuxLibertineT-TLF/sb/n' will be
(Font)              scaled to size 9.0pt on input line 399.
LaTeX Font Info:    Font shape `OT1/LinuxLibertineT-TLF/sb/n' will be
(Font)              scaled to size 7.3pt on input line 399.
LaTeX Font Info:    Font shape `OT1/LinuxLibertineT-TLF/sb/n' will be
(Font)              scaled to size 5.5pt on input line 399.

[3.3{/usr/share/texlive/texmf-dist/fonts/enc/dvips/libertine/lbtn_fygcup.enc}]
Package hyperref Info: bookmark level for unknown algorithm defaults to 0 on in
put line 588.
LaTeX Font Info:    Font shape `T1/LinuxLibertineT-TLF/b/n' will be
(Font)              scaled to size 8.0pt on input line 591.
LaTeX Font Info:    Font shape `OT1/LinuxLibertineT-TLF/m/n' will be
(Font)              scaled to size 8.0pt on input line 591.
LaTeX Font Info:    Font shape `OT1/LinuxLibertineT-TLF/m/n' will be
(Font)              scaled to size 6.2pt on input line 591.
LaTeX Font Info:    Font shape `OT1/LinuxLibertineT-TLF/sb/n' will be
(Font)              scaled to size 8.0pt on input line 591.
LaTeX Font Info:    Font shape `OT1/LinuxLibertineT-TLF/sb/n' will be
(Font)              scaled to size 6.2pt on input line 591.
LaTeX Font Info:    Font shape `T1/LinuxLibertineT-TLF/m/n' will be
(Font)              scaled to size 6.2pt on input line 611.

[4.4]
Underfull \hbox (badness 1540) in paragraph at lines 643--646
[]$\OML/nxlmi/m/it/9 E[]$\T1/LinuxLibertineT-TLF/m/n/9 (+20) , ex-act di-ag-o-n
al-i-sa-tion of the iden-ti-cal active-space
 []

[5.5]
LaTeX Font Info:    Font shape `T1/zi4/m/n' will be
(Font)              scaled to size 8.0pt on input line 848.
 [6.6]

LaTeX Font Warning: Font shape `T1/zi4/m/it' undefined
(Font)              using `T1/zi4/m/n' instead on input line 924.


Underfull \hbox (badness 1902) in paragraph at lines 924--941
 \T1/LinuxBiolinumT-TLF/m/it/9 (+20) 3.1.1 Layer 1: core (\T1/zi4/m/n/9 src/\T1
/LinuxBiolinumT-TLF/m/it/9 (+20) ).[] \T1/zi4/m/n/9 molecule.py \T1/LinuxLibert
ineT-TLF/m/n/9 (+20) (1887 lines) wraps
 []


Underfull \hbox (badness 1331) in paragraph at lines 924--941
\T1/LinuxLibertineT-TLF/m/n/9 (+20) ton-ian to-gether with en-er-gies, one- and
 two-body in-te-grals,
 []


Underfull \hbox (badness 10000) in paragraph at lines 924--941
\T1/LinuxLibertineT-TLF/m/n/9 (+20) (\T1/zi4/m/n/9 caffeine_ball_and_stick.html
\T1/LinuxLibertineT-TLF/m/n/9 (+20) , \T1/zi4/m/n/9 benzene_spacefill.html\T1/L
inuxLibertineT-TLF/m/n/9 (+20) ,
 []

Package hyperref Info: bookmark level for unknown lstlisting defaults to 0 on i
nput line 953.
LaTeX Font Info:    Font shape `T1/zi4/m/n' will be
(Font)              scaled to size 6.6pt on input line 953.
LaTeX Font Info:    Font shape `T1/LinuxLibertineT-TLF/m/n' will be
(Font)              scaled to size 6.6pt on input line 954.
LaTeX Font Info:    Font shape `T1/LinuxLibertineT-TLF/m/n' will be
(Font)              scaled to size 5.0pt on input line 954.
LaTeX Font Info:    Font shape `T1/zi4/b/n' will be
(Font)              scaled to size 6.6pt on input line 954.
LaTeX Font Info: \kern \lst@width \kern \lst@width \kern \lst@width Calculating
\kern \lst@width math\kern \lst@width sizes\kern \lst@width for\kern \lst@width
 size\kern \lst@width <6.6> on input line 954.
LaTeX Font Info:    Font shape `OT1/LinuxLibertineT-TLF/m/n' will be
(Font)              scaled to size 6.6pt on input line 954.
LaTeX Font Info:    Font shape `OT1/LinuxLibertineT-TLF/m/n' will be
(Font)              scaled to size 4.81796pt on input line 954.
LaTeX Font Info:    Font shape `OT1/LinuxLibertineT-TLF/m/n' will be
(Font)              scaled to size 3.63002pt on input line 954.
LaTeX Font Info:    Font shape `OT1/LinuxLibertineT-TLF/sb/n' will be
(Font)              scaled to size 6.6pt on input line 954.
LaTeX Font Info:    Font shape `OT1/LinuxLibertineT-TLF/sb/n' will be
(Font)              scaled to size 4.81796pt on input line 954.
LaTeX Font Info:    Font shape `OT1/LinuxLibertineT-TLF/sb/n' will be
(Font)              scaled to size 3.63002pt on input line 954.
LaTeX Font Info:    Font shape `T1/zi4/m/it' will be
(Font)              scaled to size 6.6pt on input line 961.
Package textcomp Info: Symbol \textasciigrave not provided by
(textcomp)             font family zi4 in TS1 encoding.
(textcomp)             Default family used instead on input line 964.
LaTeX Font Info:    Trying to load font information for T1+cmtt on input line 9
64.
(/usr/share/texlive/texmf-dist/tex/latex/base/t1cmtt.fd
File: t1cmtt.fd 2023/04/13 v2.5m Standard LaTeX font definitions
)
Package microtype Info: Loading generic protrusion settings for font family
(microtype)             `cmtt' (encoding: T1).
(microtype)             For optimal results, create family-specific settings.
(microtype)             See the microtype manual for details.
LaTeX Font Info:    Trying to load font information for TS1+cmtt on input line 
964.

(/usr/share/texlive/texmf-dist/tex/latex/base/ts1cmtt.fd
File: ts1cmtt.fd 2023/04/13 v2.5m Standard LaTeX font definitions
)
Package microtype Info: Loading generic protrusion settings for font family
(microtype)             `cmtt' (encoding: TS1).
(microtype)             For optimal results, create family-specific settings.
(microtype)             See the microtype manual for details.
Package textcomp Info: Symbol \textasciigrave not provided by
(textcomp)             font family zi4 in TS1 encoding.
(textcomp)             Default family used instead on input line 964.
LaTeX Font Info:    Font shape `T1/zi4/b/n' will be
(Font)              scaled to size 9.0pt on input line 974.
LaTeX Font Info:    Font shape `T1/zi4/m/it' will be
(Font)              scaled to size 9.0pt on input line 1022.

Underfull \hbox (badness 2165) in paragraph at lines 1031--1042
 []\T1/LinuxLibertineT-TLF/m/it/9 (+20) The chem-istry en-gine of the dri-vers.
[] \T1/LinuxLibertineT-TLF/m/n/9 (+20) Ev-ery dri-ver fol-lows
 []


Underfull \hbox (badness 2608) in paragraph at lines 1031--1042
\T1/LinuxLibertineT-TLF/m/n/9 (+20) nuclear-repulsion and inactive-orbital con-
stants added back.
 []

[7.7{/usr/share/texmf/fonts/enc/dvips/cm-super/cm-super-ts1.enc}]
Underfull \hbox (badness 1902) in paragraph at lines 1068--1074
 []\T1/LinuxLibertineT-TLF/m/it/9 (+20) Animating a sur-face.[] \T1/LinuxLibert
ineT-TLF/m/n/9 (+20) Three scripts, \T1/zi4/m/it/9 beh2_surface_gif.py\T1/Linux
LibertineT-TLF/m/n/9 (+20) ,
 []


Underfull \hbox (badness 10000) in paragraph at lines 1076--1086
 []\T1/LinuxLibertineT-TLF/m/it/9 (+20) Extending the pipeline.[] \T1/zi4/m/it/
9 NEW_MOLECULE_PROMPT.md \T1/LinuxLibertineT-TLF/m/n/9 (+20) is the
 []

(./tables/tab_campaign.tex) (./tables/tab_surfaces.tex) [8.8] [9.9]
(./tables/tab_data_h2_bond.tex
LaTeX Font Info:    Font shape `T1/LinuxLibertineT-TLF/b/n' will be
(Font)              scaled to size 7.3pt on input line 3.
LaTeX Font Info:    Font shape `T1/LinuxLibertineT-TLF/b/n' will be
(Font)              scaled to size 5.5pt on input line 3.
)
LaTeX Font Info:    Font shape `T1/LinuxBiolinumT-TLF/m/it' will be
(Font)              scaled to size 7.3pt on input line 1255.
LaTeX Font Info:    Font shape `T1/LinuxBiolinumT-TLF/m/it' will be
(Font)              scaled to size 5.5pt on input line 1255.

Underfull \hbox (badness 7344) in paragraph at lines 1281--1289
 []\T1/LinuxLibertineT-TLF/m/it/9 (+20) Reconstruction.[] \T1/LinuxLibertineT-T
LF/m/n/9 (+20) None was done. The repos-i-tory has no
 []


Underfull \hbox (badness 1038) in paragraph at lines 1281--1289
\T1/zi4/m/it/9 h2_polynomial/ \T1/LinuxLibertineT-TLF/m/n/9 (+20) or \T1/zi4/m/
it/9 h2_spline/ \T1/LinuxLibertineT-TLF/m/n/9 (+20) di-rec-tory, so $[][][]$ co
n-tributes
 []

<figures/lih_polynomial_curve.png, id=470, 642.7212pt x 386.4036pt>
File: figures/lih_polynomial_curve.png Graphic file (type png)
<use figures/lih_polynomial_curve.png>
Package pdftex.def Info: figures/lih_polynomial_curve.png  used on input line 1
316.
(pdftex.def)             Requested size: 241.14749pt x 144.97763pt.
LaTeX Font Info:    Font shape `T1/LinuxLibertineT-TLF/b/it' will be
(Font)              scaled to size 9.0pt on input line 1316.
<figures/lih_polynomial_degree_sweep.png, id=474, 569.9694pt x 335.8146pt>
File: figures/lih_polynomial_degree_sweep.png Graphic file (type png)
<use figures/lih_polynomial_degree_sweep.png>
Package pdftex.def Info: figures/lih_polynomial_degree_sweep.png  used on input
 line 1322.
(pdftex.def)             Requested size: 241.14749pt x 142.08136pt.
(./tables/tab_deg_lih_bond.tex
LaTeX Font Info:    Font shape `T1/LinuxLibertineT-TLF/b/n' will be
(Font)              scaled to size 7.0pt on input line 21.
)
<figures/lih_polynomial_error.png, id=477, 642.2394pt x 316.0608pt>
File: figures/lih_polynomial_error.png Graphic file (type png)
<use figures/lih_polynomial_error.png>
Package pdftex.def Info: figures/lih_polynomial_error.png  used on input line 1
329.
(pdftex.def)             Requested size: 241.14749pt x 118.67201pt.
 (./tables/tab_data_lih_bond.tex)
Underfull \hbox (badness 1259) in paragraph at lines 1339--1345
[]\T1/LinuxLibertineT-TLF/m/n/9 (+20) Table [][]4[][] and Fig. [][]2[][] show l
eave-one-out RMS falling from
 []

[10.10{/usr/share/texlive/texmf-dist/fonts/enc/dvips/libertine/lbtn_ki75ao.enc}
 <./figures/lih_polynomial_curve.png> <./figures/lih_polynomial_degree_sweep.pn
g>] [11.11 <./figures/lih_polynomial_error.png>]
<figures/lih_spline_curve.png, id=511, 642.2394pt x 388.3308pt>
File: figures/lih_spline_curve.png Graphic file (type png)
<use figures/lih_spline_curve.png>
Package pdftex.def Info: figures/lih_spline_curve.png  used on input line 1384.

(pdftex.def)             Requested size: 241.14749pt x 145.80737pt.
<figures/lih_spline_error.png, id=512, 642.2394pt x 316.0608pt>
File: figures/lih_spline_error.png Graphic file (type png)
<use figures/lih_spline_error.png>
Package pdftex.def Info: figures/lih_spline_error.png  used on input line 1384.

(pdftex.def)             Requested size: 241.14749pt x 118.67201pt.
<figures/beh2_surface_anim_still.png, id=513, 894.34125pt x 399.4925pt>
File: figures/beh2_surface_anim_still.png Graphic file (type png)
<use figures/beh2_surface_anim_still.png>
Package pdftex.def Info: figures/beh2_surface_anim_still.png  used on input lin
e 1412.
(pdftex.def)             Requested size: 475.91853pt x 212.58951pt.
<figures/beh2_surface_scan_3d.png, id=514, 901.9296pt x 389.7762pt>
File: figures/beh2_surface_scan_3d.png Graphic file (type png)
<use figures/beh2_surface_scan_3d.png>
Package pdftex.def Info: figures/beh2_surface_scan_3d.png  used on input line 1
416.
(pdftex.def)             Requested size: 475.91853pt x 205.67638pt.

(./tables/tab_data_beh2_bend.tex) (./tables/tab_data_beh2_stretch.tex)
<figures/beh2_bend_polynomial_curve.png, id=520, 642.2394pt x 389.2944pt>
File: figures/beh2_bend_polynomial_curve.png Graphic file (type png)
<use figures/beh2_bend_polynomial_curve.png>
Package pdftex.def Info: figures/beh2_bend_polynomial_curve.png  used on input 
line 1447.
(pdftex.def)             Requested size: 241.14749pt x 146.16917pt.
<figures/beh2_bend_polynomial_degree_sweep.png, id=521, 570.4512pt x 338.7054pt
>
File: figures/beh2_bend_polynomial_degree_sweep.png Graphic file (type png)
<use figures/beh2_bend_polynomial_degree_sweep.png>
Package pdftex.def Info: figures/beh2_bend_polynomial_degree_sweep.png  used on
 input line 1447.
(pdftex.def)             Requested size: 241.14749pt x 143.1804pt.

(./tables/tab_deg_beh2_bend.tex)
<figures/beh2_bend_polynomial_error.png, id=522, 642.7212pt x 316.5426pt>
File: figures/beh2_bend_polynomial_error.png Graphic file (type png)
<use figures/beh2_bend_polynomial_error.png>
Package pdftex.def Info: figures/beh2_bend_polynomial_error.png  used on input 
line 1453.
(pdftex.def)             Requested size: 241.14749pt x 118.76596pt.
<figures/beh2_bend_spline_curve.png, id=523, 642.2394pt x 389.7762pt>
File: figures/beh2_bend_spline_curve.png Graphic file (type png)
<use figures/beh2_bend_spline_curve.png>
Package pdftex.def Info: figures/beh2_bend_spline_curve.png  used on input line
 1453.
(pdftex.def)             Requested size: 241.14749pt x 146.35008pt.
<figures/beh2_bend_spline_error.png, id=524, 642.7212pt x 316.5426pt>
File: figures/beh2_bend_spline_error.png Graphic file (type png)
<use figures/beh2_bend_spline_error.png>
Package pdftex.def Info: figures/beh2_bend_spline_error.png  used on input line
 1457.
(pdftex.def)             Requested size: 241.14749pt x 118.76596pt.

Underfull \hbox (badness 1142) in paragraph at lines 1457--1457
[]\T1/LinuxLibertineT-TLF/b/n/9 (+20) Figure 12: |$[][][]$ bend, spline leave-o
ne-out er-ror. RMS
 []

[12.12 <./figures/lih_spline_curve.png> <./figures/lih_spline_error.png>]
<figures/beh2_stretch_polynomial_curve.png, id=546, 642.2394pt x 389.2944pt>
File: figures/beh2_stretch_polynomial_curve.png Graphic file (type png)
<use figures/beh2_stretch_polynomial_curve.png>
Package pdftex.def Info: figures/beh2_stretch_polynomial_curve.png  used on inp
ut line 1483.
(pdftex.def)             Requested size: 241.14749pt x 146.16917pt.
<figures/beh2_stretch_polynomial_degree_sweep.png, id=547, 570.4512pt x 338.705
4pt>
File: figures/beh2_stretch_polynomial_degree_sweep.png Graphic file (type png)
<use figures/beh2_stretch_polynomial_degree_sweep.png>
Package pdftex.def Info: figures/beh2_stretch_polynomial_degree_sweep.png  used
 on input line 1483.
(pdftex.def)             Requested size: 241.14749pt x 143.1804pt.

(./tables/tab_deg_beh2_stretch.tex)
<figures/beh2_stretch_polynomial_error.png, id=548, 642.7212pt x 317.0244pt>
File: figures/beh2_stretch_polynomial_error.png Graphic file (type png)
<use figures/beh2_stretch_polynomial_error.png>
Package pdftex.def Info: figures/beh2_stretch_polynomial_error.png  used on inp
ut line 1491.
(pdftex.def)             Requested size: 241.14749pt x 118.94673pt.
<figures/beh2_stretch_spline_curve.png, id=549, 642.2394pt x 389.7762pt>
File: figures/beh2_stretch_spline_curve.png Graphic file (type png)
<use figures/beh2_stretch_spline_curve.png>
Package pdftex.def Info: figures/beh2_stretch_spline_curve.png  used on input l
ine 1491.
(pdftex.def)             Requested size: 241.14749pt x 146.35008pt.
<figures/beh2_stretch_spline_error.png, id=550, 642.7212pt x 317.0244pt>
File: figures/beh2_stretch_spline_error.png Graphic file (type png)
<use figures/beh2_stretch_spline_error.png>
Package pdftex.def Info: figures/beh2_stretch_spline_error.png  used on input l
ine 1494.
(pdftex.def)             Requested size: 241.14749pt x 118.94673pt.
 [13.13 <./figures/beh2_surface_anim_still.png (PNG copy)> <./figures/beh2_surf
ace_scan_3d.png>] [14.14 <./figures/beh2_bend_polynomial_curve.png> <./figures/
beh2_bend_polynomial_degree_sweep.png> <./figures/beh2_bend_polynomial_error.pn
g> <./figures/beh2_bend_spline_curve.png>]
[15.15 <./figures/beh2_bend_spline_error.png> <./figures/beh2_stretch_polynomia
l_curve.png> <./figures/beh2_stretch_polynomial_degree_sweep.png> <./figures/be
h2_stretch_polynomial_error.png> <./figures/beh2_stretch_spline_curve.png>]
LaTeX Font Info:    Font shape `T1/LinuxLibertineT-TLF/m/it' will be
(Font)              scaled to size 7.3pt on input line 1506.
LaTeX Font Info:    Font shape `T1/LinuxLibertineT-TLF/m/it' will be
(Font)              scaled to size 5.5pt on input line 1506.
<figures/beh2_surface_polynomial_surface.png, id=586, 901.9296pt x 389.7762pt>
File: figures/beh2_surface_polynomial_surface.png Graphic file (type png)
<use figures/beh2_surface_polynomial_surface.png>
Package pdftex.def Info: figures/beh2_surface_polynomial_surface.png  used on i
nput line 1511.
(pdftex.def)             Requested size: 475.91853pt x 205.67638pt.
<figures/beh2_surface_polynomial_error.png, id=587, 847.0044pt x 338.7054pt>
File: figures/beh2_surface_polynomial_error.png Graphic file (type png)
<use figures/beh2_surface_polynomial_error.png>
Package pdftex.def Info: figures/beh2_surface_polynomial_error.png  used on inp
ut line 1512.
(pdftex.def)             Requested size: 475.91853pt x 190.30942pt.
<figures/beh2_surface_spline_surface.png, id=588, 901.9296pt x 389.7762pt>
File: figures/beh2_surface_spline_surface.png Graphic file (type png)
<use figures/beh2_surface_spline_surface.png>
Package pdftex.def Info: figures/beh2_surface_spline_surface.png  used on input
 line 1515.
(pdftex.def)             Requested size: 475.91853pt x 205.67638pt.
<figures/beh2_surface_spline_error.png, id=589, 847.4862pt x 338.7054pt>
File: figures/beh2_surface_spline_error.png Graphic file (type png)
<use figures/beh2_surface_spline_error.png>
Package pdftex.def Info: figures/beh2_surface_spline_error.png  used on input l
ine 1517.
(pdftex.def)             Requested size: 475.91853pt x 190.20605pt.

Overfull \hbox (16.37729pt too wide) in paragraph at lines 1520--1526
 []\T1/LinuxLibertineT-TLF/m/it/9 (-20) Geometry.[] \T1/LinuxLibertineT-TLF/m/n
/9 (-20) The spline sur-face lo-cates the min-i-mum at $\LMS/ntxsy/m/n/9 ¹\OT1/
LinuxLibertineT-TLF/m/n/9 (-20) 1\OML/nxlmi/m/it/9 :\OT1/LinuxLibertineT-TLF/m/
n/9 (-20) 292[]\OML/nxlmi/m/it/9 ; \OT1/LinuxLibertineT-TLF/m/n/9 (-20) 180\OML
/nxlmi/m/it/9 :\OT1/LinuxLibertineT-TLF/m/n/9 (-20) 0[]\LMS/ntxsy/m/n/9 º$
 []

(./tables/tab_data_h2o_bend.tex) [16.16 <./figures/beh2_stretch_spline_error.pn
g>]
<figures/nh3_bend_curve.png, id=607, 780.9978pt x 322.806pt>
File: figures/nh3_bend_curve.png Graphic file (type png)
<use figures/nh3_bend_curve.png>
Package pdftex.def Info: figures/nh3_bend_curve.png  used on input line 1581.
(pdftex.def)             Requested size: 241.14749pt x 99.66985pt.
<figures/nh3_stretch_curve.png, id=608, 768.471pt x 322.806pt>
File: figures/nh3_stretch_curve.png Graphic file (type png)
<use figures/nh3_stretch_curve.png>
Package pdftex.def Info: figures/nh3_stretch_curve.png  used on input line 1581
.
(pdftex.def)             Requested size: 241.14749pt x 101.2953pt.
<figures/nh3_surface.png, id=609, 867.7218pt x 387.3672pt>
File: figures/nh3_surface.png Graphic file (type png)
<use figures/nh3_surface.png>
Package pdftex.def Info: figures/nh3_surface.png  used on input line 1585.
(pdftex.def)             Requested size: 475.91853pt x 212.45563pt.
 (./tables/tab_data_nh3_bend.tex) (./tables/tab_data_nh3_stretch.tex)
[17.17 <./figures/beh2_surface_polynomial_surface.png> <./figures/beh2_surface_
polynomial_error.png>] [18.18 <./figures/beh2_surface_spline_surface.png> <./fi
gures/beh2_surface_spline_error.png> <./figures/nh3_bend_curve.png> <./figures/
nh3_stretch_curve.png>]
<figures/nh3_bend_polynomial_curve.png, id=637, 642.7212pt x 385.44pt>
File: figures/nh3_bend_polynomial_curve.png Graphic file (type png)
<use figures/nh3_bend_polynomial_curve.png>
Package pdftex.def Info: figures/nh3_bend_polynomial_curve.png  used on input l
ine 1622.
(pdftex.def)             Requested size: 241.14749pt x 144.61609pt.
<figures/nh3_bend_polynomial_degree_sweep.png, id=638, 569.9694pt x 336.7782pt>

File: figures/nh3_bend_polynomial_degree_sweep.png Graphic file (type png)
<use figures/nh3_bend_polynomial_degree_sweep.png>
Package pdftex.def Info: figures/nh3_bend_polynomial_degree_sweep.png  used on 
input line 1622.
(pdftex.def)             Requested size: 241.14749pt x 142.48906pt.
 (./tables/tab_deg_nh3_bend.tex)
<figures/nh3_bend_polynomial_error.png, id=639, 642.2394pt x 316.0608pt>
File: figures/nh3_bend_polynomial_error.png Graphic file (type png)
<use figures/nh3_bend_polynomial_error.png>
Package pdftex.def Info: figures/nh3_bend_polynomial_error.png  used on input l
ine 1629.
(pdftex.def)             Requested size: 241.14749pt x 118.67201pt.
<figures/nh3_bend_spline_curve.png, id=640, 642.7212pt x 387.3672pt>
File: figures/nh3_bend_spline_curve.png Graphic file (type png)
<use figures/nh3_bend_spline_curve.png>
Package pdftex.def Info: figures/nh3_bend_spline_curve.png  used on input line 
1629.
(pdftex.def)             Requested size: 241.14749pt x 145.33917pt.
<figures/nh3_bend_spline_error.png, id=641, 642.2394pt x 316.0608pt>
File: figures/nh3_bend_spline_error.png Graphic file (type png)
<use figures/nh3_bend_spline_error.png>
Package pdftex.def Info: figures/nh3_bend_spline_error.png  used on input line 
1632.
(pdftex.def)             Requested size: 241.14749pt x 118.67201pt.

Underfull \hbox (badness 1997) in paragraph at lines 1632--1632
[]\T1/LinuxLibertineT-TLF/b/n/9 (+20) Figure 29: |$[][][]$ bend, spline leave-o
ne-out er-ror. RMS
 []

[19.19 <./figures/nh3_surface.png> <./figures/nh3_bend_polynomial_curve.png>]
<figures/nh3_stretch_polynomial_curve.png, id=653, 642.7212pt x 385.44pt>
File: figures/nh3_stretch_polynomial_curve.png Graphic file (type png)
<use figures/nh3_stretch_polynomial_curve.png>
Package pdftex.def Info: figures/nh3_stretch_polynomial_curve.png  used on inpu
t line 1657.
(pdftex.def)             Requested size: 241.14749pt x 144.61609pt.
<figures/nh3_stretch_polynomial_degree_sweep.png, id=654, 569.9694pt x 336.7782
pt>
File: figures/nh3_stretch_polynomial_degree_sweep.png Graphic file (type png)
<use figures/nh3_stretch_polynomial_degree_sweep.png>
Package pdftex.def Info: figures/nh3_stretch_polynomial_degree_sweep.png  used 
on input line 1657.
(pdftex.def)             Requested size: 241.14749pt x 142.48906pt.

(./tables/tab_deg_nh3_stretch.tex)
<figures/nh3_stretch_polynomial_error.png, id=655, 642.2394pt x 316.0608pt>
File: figures/nh3_stretch_polynomial_error.png Graphic file (type png)
<use figures/nh3_stretch_polynomial_error.png>
Package pdftex.def Info: figures/nh3_stretch_polynomial_error.png  used on inpu
t line 1664.
(pdftex.def)             Requested size: 241.14749pt x 118.67201pt.
<figures/nh3_stretch_spline_curve.png, id=656, 642.7212pt x 387.3672pt>
File: figures/nh3_stretch_spline_curve.png Graphic file (type png)
<use figures/nh3_stretch_spline_curve.png>
Package pdftex.def Info: figures/nh3_stretch_spline_curve.png  used on input li
ne 1664.
(pdftex.def)             Requested size: 241.14749pt x 145.33917pt.
<figures/nh3_stretch_spline_error.png, id=657, 642.2394pt x 316.0608pt>
File: figures/nh3_stretch_spline_error.png Graphic file (type png)
<use figures/nh3_stretch_spline_error.png>
Package pdftex.def Info: figures/nh3_stretch_spline_error.png  used on input li
ne 1667.
(pdftex.def)             Requested size: 241.14749pt x 118.67201pt.
<figures/nh3_surface_polynomial.png, id=658, 931.8012pt x 387.3672pt>
File: figures/nh3_surface_polynomial.png Graphic file (type png)
<use figures/nh3_surface_polynomial.png>
Package pdftex.def Info: figures/nh3_surface_polynomial.png  used on input line
 1670.
(pdftex.def)             Requested size: 475.91853pt x 197.85019pt.
<figures/nh3_surface_spline.png, id=659, 921.2016pt x 386.4036pt>
File: figures/nh3_surface_spline.png Graphic file (type png)
<use figures/nh3_surface_spline.png>
Package pdftex.def Info: figures/nh3_surface_spline.png  used on input line 167
2.
(pdftex.def)             Requested size: 475.91853pt x 199.62799pt.
 (./tables/tab_deg_nh3_surface.tex) [20.20 <./figures/nh3_bend_polynomial_degre
e_sweep.png> <./figures/nh3_bend_polynomial_error.png> <./figures/nh3_bend_spli
ne_curve.png> <./figures/nh3_bend_spline_error.png> <./figures/nh3_stretch_poly
nomial_curve.png>] [21.21 <./figures/nh3_stretch_polynomial_degree_sweep.png> <
./figures/nh3_stretch_polynomial_error.png> <./figures/nh3_stretch_spline_curve
.png> <./figures/nh3_stretch_spline_error.png>] (./tables/tab_data_n2_bond.tex)
 [22.22 <./figures/nh3_surface_polynomial.png> <./figures/nh3_surface_spline.pn
g>]
<figures/n2_polynomial_curve.png, id=705, 642.2394pt x 389.2944pt>
File: figures/n2_polynomial_curve.png Graphic file (type png)
<use figures/n2_polynomial_curve.png>
Package pdftex.def Info: figures/n2_polynomial_curve.png  used on input line 17
44.
(pdftex.def)             Requested size: 241.14749pt x 146.16917pt.
<figures/n2_polynomial_degree_sweep.png, id=706, 570.4512pt x 338.7054pt>
File: figures/n2_polynomial_degree_sweep.png Graphic file (type png)
<use figures/n2_polynomial_degree_sweep.png>
Package pdftex.def Info: figures/n2_polynomial_degree_sweep.png  used on input 
line 1744.
(pdftex.def)             Requested size: 241.14749pt x 143.1804pt.
 (./tables/tab_deg_n2_bond.tex)
<figures/n2_polynomial_error.png, id=707, 642.7212pt x 317.5062pt>
File: figures/n2_polynomial_error.png Graphic file (type png)
<use figures/n2_polynomial_error.png>
Package pdftex.def Info: figures/n2_polynomial_error.png  used on input line 17
50.
(pdftex.def)             Requested size: 241.14749pt x 119.1275pt.
<figures/n2_spline_curve.png, id=708, 642.2394pt x 389.7762pt>
File: figures/n2_spline_curve.png Graphic file (type png)
<use figures/n2_spline_curve.png>
Package pdftex.def Info: figures/n2_spline_curve.png  used on input line 1750.
(pdftex.def)             Requested size: 241.14749pt x 146.35008pt.
<figures/n2_spline_error.png, id=709, 642.7212pt x 317.5062pt>
File: figures/n2_spline_error.png Graphic file (type png)
<use figures/n2_spline_error.png>
Package pdftex.def Info: figures/n2_spline_error.png  used on input line 1755.
(pdftex.def)             Requested size: 241.14749pt x 119.1275pt.
 [23.23 <./figures/n2_polynomial_curve.png> <./figures/n2_polynomial_degree_swe
ep.png> <./figures/n2_polynomial_error.png> <./figures/n2_spline_curve.png> <./
figures/n2_spline_error.png>] (./tables/tab_data_o2_bond.tex)
<figures/o2_polynomial_curve.png, id=729, 642.2394pt x 389.2944pt>
File: figures/o2_polynomial_curve.png Graphic file (type png)
<use figures/o2_polynomial_curve.png>
Package pdftex.def Info: figures/o2_polynomial_curve.png  used on input line 18
11.
(pdftex.def)             Requested size: 241.14749pt x 146.16917pt.
<figures/o2_polynomial_degree_sweep.png, id=730, 570.4512pt x 338.7054pt>
File: figures/o2_polynomial_degree_sweep.png Graphic file (type png)
<use figures/o2_polynomial_degree_sweep.png>
Package pdftex.def Info: figures/o2_polynomial_degree_sweep.png  used on input 
line 1811.
(pdftex.def)             Requested size: 241.14749pt x 143.1804pt.

(./tables/tab_deg_o2_bond.tex)
<figures/o2_polynomial_error.png, id=731, 642.7212pt x 317.5062pt>
File: figures/o2_polynomial_error.png Graphic file (type png)
<use figures/o2_polynomial_error.png>
Package pdftex.def Info: figures/o2_polynomial_error.png  used on input line 18
17.
(pdftex.def)             Requested size: 241.14749pt x 119.1275pt.
<figures/o2_spline_curve.png, id=732, 642.2394pt x 389.7762pt>
File: figures/o2_spline_curve.png Graphic file (type png)
<use figures/o2_spline_curve.png>
Package pdftex.def Info: figures/o2_spline_curve.png  used on input line 1817.
(pdftex.def)             Requested size: 241.14749pt x 146.35008pt.
<figures/o2_spline_error.png, id=733, 642.7212pt x 317.5062pt>
File: figures/o2_spline_error.png Graphic file (type png)
<use figures/o2_spline_error.png>
Package pdftex.def Info: figures/o2_spline_error.png  used on input line 1820.
(pdftex.def)             Requested size: 241.14749pt x 119.1275pt.

Underfull \hbox (badness 1117) in paragraph at lines 1823--1827
 []\T1/LinuxLibertineT-TLF/m/it/9 (+20) Geometry.[] \T1/LinuxLibertineT-TLF/m/n
/9 (+20) Poly-no-mial $\OT1/LinuxLibertineT-TLF/m/n/9 (+20) 1\OML/nxlmi/m/it/9 
:\OT1/LinuxLibertineT-TLF/m/n/9 (+20) 3028[]$\T1/LinuxLibertineT-TLF/m/n/9 (+20
) , spline $\OT1/LinuxLibertineT-TLF/m/n/9 (+20) 1\OML/nxlmi/m/it/9 :\OT1/Linux
LibertineT-TLF/m/n/9 (+20) 2754[]$\T1/LinuxLibertineT-TLF/m/n/9 (+20) , ex-per-
i-ment
 []

[24.24 <./figures/o2_polynomial_curve.png> <./figures/o2_polynomial_degree_swee
p.png>] (./tables/tab_data_f2_bond.tex)
<figures/f2_polynomial_curve.png, id=751, 642.7212pt x 385.44pt>
File: figures/f2_polynomial_curve.png Graphic file (type png)
<use figures/f2_polynomial_curve.png>
Package pdftex.def Info: figures/f2_polynomial_curve.png  used on input line 18
72.
(pdftex.def)             Requested size: 241.14749pt x 144.61609pt.
<figures/f2_polynomial_degree_sweep.png, id=752, 569.9694pt x 335.8146pt>
File: figures/f2_polynomial_degree_sweep.png Graphic file (type png)
<use figures/f2_polynomial_degree_sweep.png>
Package pdftex.def Info: figures/f2_polynomial_degree_sweep.png  used on input 
line 1872.
(pdftex.def)             Requested size: 241.14749pt x 142.08136pt.
 (./tables/tab_deg_f2_bond.tex)
<figures/f2_polynomial_error.png, id=753, 642.2394pt x 316.0608pt>
File: figures/f2_polynomial_error.png Graphic file (type png)
<use figures/f2_polynomial_error.png>
Package pdftex.def Info: figures/f2_polynomial_error.png  used on input line 18
79.
(pdftex.def)             Requested size: 241.14749pt x 118.67201pt.
<figures/f2_spline_curve.png, id=754, 642.7212pt x 387.3672pt>
File: figures/f2_spline_curve.png Graphic file (type png)
<use figures/f2_spline_curve.png>
Package pdftex.def Info: figures/f2_spline_curve.png  used on input line 1879.
(pdftex.def)             Requested size: 241.14749pt x 145.33917pt.
<figures/f2_spline_error.png, id=755, 642.2394pt x 316.0608pt>
File: figures/f2_spline_error.png Graphic file (type png)
<use figures/f2_spline_error.png>
Package pdftex.def Info: figures/f2_spline_error.png  used on input line 1884.
(pdftex.def)             Requested size: 241.14749pt x 118.67201pt.
 [25.25 <./figures/o2_polynomial_error.png> <./figures/o2_spline_curve.png> <./
figures/o2_spline_error.png>] [26.26 <./figures/f2_polynomial_curve.png> <./fig
ures/f2_polynomial_degree_sweep.png> <./figures/f2_polynomial_error.png> <./fig
ures/f2_spline_curve.png> <./figures/f2_spline_error.png>]
<figures/h2o2_surface_anim_still.png, id=788, 841.1425pt x 380.42125pt>
File: figures/h2o2_surface_anim_still.png Graphic file (type png)
<use figures/h2o2_surface_anim_still.png>
Package pdftex.def Info: figures/h2o2_surface_anim_still.png  used on input lin
e 1909.
(pdftex.def)             Requested size: 475.91853pt x 215.24605pt.
<figures/h2o2_surface_scan_3d.png, id=789, 872.058pt x 387.3672pt>
File: figures/h2o2_surface_scan_3d.png Graphic file (type png)
<use figures/h2o2_surface_scan_3d.png>
Package pdftex.def Info: figures/h2o2_surface_scan_3d.png  used on input line 1
912.
(pdftex.def)             Requested size: 475.91853pt x 211.40352pt.
<figures/h2o2_twist_anim_still.png, id=790, 780.9175pt x 388.45125pt>
File: figures/h2o2_twist_anim_still.png Graphic file (type png)
<use figures/h2o2_twist_anim_still.png>
Package pdftex.def Info: figures/h2o2_twist_anim_still.png  used on input line 
1917.
(pdftex.def)             Requested size: 475.91853pt x 236.7356pt.

Underfull \hbox (badness 1590) in paragraph at lines 1920--1927
 []\T1/LinuxLibertineT-TLF/m/it/9 (+20) Variational re-sults.[] \T1/LinuxLibert
ineT-TLF/m/n/9 (+20) Ac-cu-racy is mod-er-ate and de-pends on
 []

(./tables/tab_data_h2o2_bend.tex) (./tables/tab_data_h2o2_stretch.tex)
(./tables/tab_data_h2o2_twist.tex) [27.27]
Underfull \hbox (badness 2027) in paragraph at lines 1973--1980
\T1/zi4/m/it/9 h2o2_polynomial/ \T1/LinuxLibertineT-TLF/m/n/9 (+20) or \T1/zi4/
m/it/9 h2o2_spline/ \T1/LinuxLibertineT-TLF/m/n/9 (+20) out-put; only the bend,

 []

<figures/h2o2_bend_polynomial_curve.png, id=808, 642.7212pt x 385.44pt>
File: figures/h2o2_bend_polynomial_curve.png Graphic file (type png)
<use figures/h2o2_bend_polynomial_curve.png>
Package pdftex.def Info: figures/h2o2_bend_polynomial_curve.png  used on input 
line 1983.
(pdftex.def)             Requested size: 241.14749pt x 144.61609pt.
<figures/h2o2_bend_polynomial_degree_sweep.png, id=809, 569.9694pt x 334.851pt>

File: figures/h2o2_bend_polynomial_degree_sweep.png Graphic file (type png)
<use figures/h2o2_bend_polynomial_degree_sweep.png>
Package pdftex.def Info: figures/h2o2_bend_polynomial_degree_sweep.png  used on
 input line 1983.
(pdftex.def)             Requested size: 241.14749pt x 141.67366pt.
(./tables/tab_deg_h2o2_bend.tex)
<figures/h2o2_bend_polynomial_error.png, id=810, 642.2394pt x 315.579pt>
File: figures/h2o2_bend_polynomial_error.png Graphic file (type png)
<use figures/h2o2_bend_polynomial_error.png>
Package pdftex.def Info: figures/h2o2_bend_polynomial_error.png  used on input 
line 1990.
(pdftex.def)             Requested size: 241.14749pt x 118.4911pt.
<figures/h2o2_bend_spline_curve.png, id=811, 642.7212pt x 387.3672pt>
File: figures/h2o2_bend_spline_curve.png Graphic file (type png)
<use figures/h2o2_bend_spline_curve.png>
Package pdftex.def Info: figures/h2o2_bend_spline_curve.png  used on input line
 1990.
(pdftex.def)             Requested size: 241.14749pt x 145.33917pt.
<figures/h2o2_bend_spline_error.png, id=812, 642.2394pt x 315.579pt>
File: figures/h2o2_bend_spline_error.png Graphic file (type png)
<use figures/h2o2_bend_spline_error.png>
Package pdftex.def Info: figures/h2o2_bend_spline_error.png  used on input line
 1993.
(pdftex.def)             Requested size: 241.14749pt x 118.4911pt.
<figures/h2o2_stretch_polynomial_curve.png, id=813, 642.7212pt x 385.44pt>
File: figures/h2o2_stretch_polynomial_curve.png Graphic file (type png)
<use figures/h2o2_stretch_polynomial_curve.png>
Package pdftex.def Info: figures/h2o2_stretch_polynomial_curve.png  used on inp
ut line 1999.
(pdftex.def)             Requested size: 241.14749pt x 144.61609pt.
<figures/h2o2_stretch_polynomial_degree_sweep.png, id=814, 569.9694pt x 334.851
pt>
File: figures/h2o2_stretch_polynomial_degree_sweep.png Graphic file (type png)
<use figures/h2o2_stretch_polynomial_degree_sweep.png>
Package pdftex.def Info: figures/h2o2_stretch_polynomial_degree_sweep.png  used
 on input line 1999.
(pdftex.def)             Requested size: 241.14749pt x 141.67366pt.

Underfull \hbox (badness 1117) in paragraph at lines 1999--1999
[]\T1/LinuxLibertineT-TLF/b/n/9 (+20) Figure 61: |$[][][][][][]$ stretch de-gre
e sweep; worst-case RMS
 []

(./tables/tab_deg_h2o2_stretch.tex)
<figures/h2o2_stretch_polynomial_error.png, id=815, 642.2394pt x 315.579pt>
File: figures/h2o2_stretch_polynomial_error.png Graphic file (type png)
<use figures/h2o2_stretch_polynomial_error.png>
Package pdftex.def Info: figures/h2o2_stretch_polynomial_error.png  used on inp
ut line 2006.
(pdftex.def)             Requested size: 241.14749pt x 118.4911pt.
<figures/h2o2_stretch_spline_curve.png, id=816, 642.7212pt x 387.3672pt>
File: figures/h2o2_stretch_spline_curve.png Graphic file (type png)
<use figures/h2o2_stretch_spline_curve.png>
Package pdftex.def Info: figures/h2o2_stretch_spline_curve.png  used on input l
ine 2006.
(pdftex.def)             Requested size: 241.14749pt x 145.33917pt.
<figures/h2o2_stretch_spline_error.png, id=817, 642.2394pt x 315.579pt>
File: figures/h2o2_stretch_spline_error.png Graphic file (type png)
<use figures/h2o2_stretch_spline_error.png>
Package pdftex.def Info: figures/h2o2_stretch_spline_error.png  used on input l
ine 2009.
(pdftex.def)             Requested size: 241.14749pt x 118.4911pt.
<figures/h2o2_twist_polynomial_curve.png, id=818, 642.7212pt x 385.44pt>
File: figures/h2o2_twist_polynomial_curve.png Graphic file (type png)
<use figures/h2o2_twist_polynomial_curve.png>
Package pdftex.def Info: figures/h2o2_twist_polynomial_curve.png  used on input
 line 2015.
(pdftex.def)             Requested size: 241.14749pt x 144.61609pt.
<figures/h2o2_twist_polynomial_degree_sweep.png, id=819, 569.9694pt x 334.851pt
>
File: figures/h2o2_twist_polynomial_degree_sweep.png Graphic file (type png)
<use figures/h2o2_twist_polynomial_degree_sweep.png>
Package pdftex.def Info: figures/h2o2_twist_polynomial_degree_sweep.png  used o
n input line 2015.
(pdftex.def)             Requested size: 241.14749pt x 141.67366pt.

Underfull \hbox (badness 3492) in paragraph at lines 2015--2015
[]\T1/LinuxLibertineT-TLF/b/n/9 (+20) Figure 66: |$[][][][][][]$ twist de-gree 
sweep; worst-case RMS
 []

(./tables/tab_deg_h2o2_twist.tex)
<figures/h2o2_twist_polynomial_error.png, id=820, 642.2394pt x 315.579pt>
File: figures/h2o2_twist_polynomial_error.png Graphic file (type png)
<use figures/h2o2_twist_polynomial_error.png>
Package pdftex.def Info: figures/h2o2_twist_polynomial_error.png  used on input
 line 2022.
(pdftex.def)             Requested size: 241.14749pt x 118.4911pt.
<figures/h2o2_twist_spline_curve.png, id=821, 642.7212pt x 387.3672pt>
File: figures/h2o2_twist_spline_curve.png Graphic file (type png)
<use figures/h2o2_twist_spline_curve.png>
Package pdftex.def Info: figures/h2o2_twist_spline_curve.png  used on input lin
e 2022.
(pdftex.def)             Requested size: 241.14749pt x 145.33917pt.
<figures/h2o2_twist_spline_error.png, id=822, 642.2394pt x 315.579pt>
File: figures/h2o2_twist_spline_error.png Graphic file (type png)
<use figures/h2o2_twist_spline_error.png>
Package pdftex.def Info: figures/h2o2_twist_spline_error.png  used on input lin
e 2025.
(pdftex.def)             Requested size: 241.14749pt x 118.4911pt.
 [28.28 <./figures/h2o2_surface_anim_still.png (PNG copy)> <./figures/h2o2_surf
ace_scan_3d.png>] [29.29 <./figures/h2o2_twist_anim_still.png (PNG copy)> <./fi
gures/h2o2_bend_polynomial_curve.png> <./figures/h2o2_bend_polynomial_degree_sw
eep.png> <./figures/h2o2_bend_polynomial_error.png>] [30.30 <./figures/h2o2_ben
d_spline_curve.png> <./figures/h2o2_bend_spline_error.png> <./figures/h2o2_stre
tch_polynomial_curve.png> <./figures/h2o2_stretch_polynomial_degree_sweep.png> 
<./figures/h2o2_stretch_polynomial_error.png>] [31.31 <./figures/h2o2_stretch_s
pline_curve.png> <./figures/h2o2_stretch_spline_error.png> <./figures/h2o2_twis
t_polynomial_curve.png> <./figures/h2o2_twist_polynomial_degree_sweep.png> <./f
igures/h2o2_twist_polynomial_error.png>]
<figures/no2_surface_scan_3d.png, id=873, 894.2208pt x 389.7762pt>
File: figures/no2_surface_scan_3d.png Graphic file (type png)
<use figures/no2_surface_scan_3d.png>
Package pdftex.def Info: figures/no2_surface_scan_3d.png  used on input line 20
42.
(pdftex.def)             Requested size: 475.91853pt x 207.44873pt.

(./tables/tab_data_no2_bend.tex) (./tables/tab_data_no2_stretch.tex) [32.32 <./
figures/h2o2_twist_spline_curve.png> <./figures/h2o2_twist_spline_error.png>]
<figures/no2_bend_polynomial_curve.png, id=889, 642.2394pt x 389.2944pt>
File: figures/no2_bend_polynomial_curve.png Graphic file (type png)
<use figures/no2_bend_polynomial_curve.png>
Package pdftex.def Info: figures/no2_bend_polynomial_curve.png  used on input l
ine 2101.
(pdftex.def)             Requested size: 241.14749pt x 146.16917pt.
<figures/no2_bend_polynomial_degree_sweep.png, id=890, 570.4512pt x 338.7054pt>

File: figures/no2_bend_polynomial_degree_sweep.png Graphic file (type png)
<use figures/no2_bend_polynomial_degree_sweep.png>
Package pdftex.def Info: figures/no2_bend_polynomial_degree_sweep.png  used on 
input line 2101.
(pdftex.def)             Requested size: 241.14749pt x 143.1804pt.

Underfull \hbox (badness 6032) in paragraph at lines 2101--2101
[]\T1/LinuxLibertineT-TLF/b/n/9 (+20) Figure 72: |$[][][]$ bend de-gree sweep; 
worst-case RMS
 []

(./tables/tab_deg_no2_bend.tex)
<figures/no2_bend_polynomial_error.png, id=891, 642.7212pt x 316.5426pt>
File: figures/no2_bend_polynomial_error.png Graphic file (type png)
<use figures/no2_bend_polynomial_error.png>
Package pdftex.def Info: figures/no2_bend_polynomial_error.png  used on input l
ine 2107.
(pdftex.def)             Requested size: 241.14749pt x 118.76596pt.
<figures/no2_bend_spline_curve.png, id=892, 642.2394pt x 389.7762pt>
File: figures/no2_bend_spline_curve.png Graphic file (type png)
<use figures/no2_bend_spline_curve.png>
Package pdftex.def Info: figures/no2_bend_spline_curve.png  used on input line 
2107.
(pdftex.def)             Requested size: 241.14749pt x 146.35008pt.
<figures/no2_bend_spline_error.png, id=893, 642.7212pt x 316.5426pt>
File: figures/no2_bend_spline_error.png Graphic file (type png)
<use figures/no2_bend_spline_error.png>
Package pdftex.def Info: figures/no2_bend_spline_error.png  used on input line 
2112.
(pdftex.def)             Requested size: 241.14749pt x 118.76596pt.
<figures/no2_stretch_polynomial_curve.png, id=894, 642.2394pt x 389.2944pt>
File: figures/no2_stretch_polynomial_curve.png Graphic file (type png)
<use figures/no2_stretch_polynomial_curve.png>
Package pdftex.def Info: figures/no2_stretch_polynomial_curve.png  used on inpu
t line 2117.
(pdftex.def)             Requested size: 241.14749pt x 146.16917pt.
<figures/no2_stretch_polynomial_degree_sweep.png, id=895, 570.4512pt x 338.7054
pt>
File: figures/no2_stretch_polynomial_degree_sweep.png Graphic file (type png)
<use figures/no2_stretch_polynomial_degree_sweep.png>
Package pdftex.def Info: figures/no2_stretch_polynomial_degree_sweep.png  used 
on input line 2117.
(pdftex.def)             Requested size: 241.14749pt x 143.1804pt.
 (./tables/tab_deg_no2_stretch.tex)
<figures/no2_stretch_polynomial_error.png, id=896, 642.7212pt x 317.0244pt>
File: figures/no2_stretch_polynomial_error.png Graphic file (type png)
<use figures/no2_stretch_polynomial_error.png>
Package pdftex.def Info: figures/no2_stretch_polynomial_error.png  used on inpu
t line 2124.
(pdftex.def)             Requested size: 241.14749pt x 118.94673pt.
<figures/no2_stretch_spline_curve.png, id=897, 642.2394pt x 389.7762pt>
File: figures/no2_stretch_spline_curve.png Graphic file (type png)
<use figures/no2_stretch_spline_curve.png>
Package pdftex.def Info: figures/no2_stretch_spline_curve.png  used on input li
ne 2124.
(pdftex.def)             Requested size: 241.14749pt x 146.35008pt.
<figures/no2_stretch_spline_error.png, id=898, 642.7212pt x 317.0244pt>
File: figures/no2_stretch_spline_error.png Graphic file (type png)
<use figures/no2_stretch_spline_error.png>
Package pdftex.def Info: figures/no2_stretch_spline_error.png  used on input li
ne 2127.
(pdftex.def)             Requested size: 241.14749pt x 118.94673pt.
<figures/no2_surface_polynomial_surface.png, id=899, 893.739pt x 389.7762pt>
File: figures/no2_surface_polynomial_surface.png Graphic file (type png)
<use figures/no2_surface_polynomial_surface.png>
Package pdftex.def Info: figures/no2_surface_polynomial_surface.png  used on in
put line 2130.
(pdftex.def)             Requested size: 475.91853pt x 207.55579pt.
<figures/no2_surface_polynomial_error.png, id=900, 848.4498pt x 338.7054pt>
File: figures/no2_surface_polynomial_error.png Graphic file (type png)
<use figures/no2_surface_polynomial_error.png>
Package pdftex.def Info: figures/no2_surface_polynomial_error.png  used on inpu
t line 2132.
(pdftex.def)             Requested size: 475.91853pt x 189.98898pt.
<figures/no2_surface_spline_surface.png, id=901, 893.739pt x 389.7762pt>
File: figures/no2_surface_spline_surface.png Graphic file (type png)
<use figures/no2_surface_spline_surface.png>
Package pdftex.def Info: figures/no2_surface_spline_surface.png  used on input 
line 2135.
(pdftex.def)             Requested size: 475.91853pt x 207.55579pt.
<figures/no2_surface_spline_error.png, id=902, 848.4498pt x 338.7054pt>
File: figures/no2_surface_spline_error.png Graphic file (type png)
<use figures/no2_surface_spline_error.png>
Package pdftex.def Info: figures/no2_surface_spline_error.png  used on input li
ne 2137.
(pdftex.def)             Requested size: 475.91853pt x 189.98898pt.
 [33.33 <./figures/no2_surface_scan_3d.png> <./figures/no2_bend_polynomial_curv
e.png> <./figures/no2_bend_polynomial_degree_sweep.png>] [34.34 <./figures/no2_
bend_polynomial_error.png> <./figures/no2_bend_spline_curve.png> <./figures/no2
_bend_spline_error.png> <./figures/no2_stretch_polynomial_curve.png> <./figures
/no2_stretch_polynomial_degree_sweep.png>]
<figures/n2o_surface_scan_3d.png, id=930, 895.1844pt x 389.7762pt>
File: figures/n2o_surface_scan_3d.png Graphic file (type png)
<use figures/n2o_surface_scan_3d.png>
Package pdftex.def Info: figures/n2o_surface_scan_3d.png  used on input line 21
55.
(pdftex.def)             Requested size: 475.91853pt x 207.22272pt.
 (./tables/tab_data_n2o_bend.tex)
(./tables/tab_data_n2o_nn_stretch.tex) (./tables/tab_data_n2o_no_stretch.tex)
[35.35 <./figures/no2_stretch_polynomial_error.png> <./figures/no2_stretch_spli
ne_curve.png> <./figures/no2_stretch_spline_error.png>] [36.36 <./figures/no2_s
urface_polynomial_surface.png> <./figures/no2_surface_polynomial_error.png>]
Underfull \hbox (badness 2644) in paragraph at lines 2214--2223
 []\T1/LinuxLibertineT-TLF/m/it/9 (+20) Geometry.[] \T1/LinuxLibertineT-TLF/m/n
/9 (+20) The N--O stretch re-con-struc-tions are ex-cel-lent,
 []

<figures/n2o_bend_polynomial_curve.png, id=955, 642.2394pt x 389.2944pt>
File: figures/n2o_bend_polynomial_curve.png Graphic file (type png)
<use figures/n2o_bend_polynomial_curve.png>
Package pdftex.def Info: figures/n2o_bend_polynomial_curve.png  used on input l
ine 2226.
(pdftex.def)             Requested size: 241.14749pt x 146.16917pt.
<figures/n2o_bend_polynomial_degree_sweep.png, id=956, 570.4512pt x 338.7054pt>

File: figures/n2o_bend_polynomial_degree_sweep.png Graphic file (type png)
<use figures/n2o_bend_polynomial_degree_sweep.png>
Package pdftex.def Info: figures/n2o_bend_polynomial_degree_sweep.png  used on 
input line 2226.
(pdftex.def)             Requested size: 241.14749pt x 143.1804pt.

Underfull \hbox (badness 6032) in paragraph at lines 2226--2226
[]\T1/LinuxLibertineT-TLF/b/n/9 (+20) Figure 87: |$[][][][]$ bend de-gree sweep
; worst-case RMS
 []

(./tables/tab_deg_n2o_bend.tex)
<figures/n2o_bend_polynomial_error.png, id=957, 642.7212pt x 316.5426pt>
File: figures/n2o_bend_polynomial_error.png Graphic file (type png)
<use figures/n2o_bend_polynomial_error.png>
Package pdftex.def Info: figures/n2o_bend_polynomial_error.png  used on input l
ine 2232.
(pdftex.def)             Requested size: 241.14749pt x 118.76596pt.
<figures/n2o_bend_spline_curve.png, id=958, 642.2394pt x 389.7762pt>
File: figures/n2o_bend_spline_curve.png Graphic file (type png)
<use figures/n2o_bend_spline_curve.png>
Package pdftex.def Info: figures/n2o_bend_spline_curve.png  used on input line 
2232.
(pdftex.def)             Requested size: 241.14749pt x 146.35008pt.
<figures/n2o_bend_spline_error.png, id=959, 642.7212pt x 316.5426pt>
File: figures/n2o_bend_spline_error.png Graphic file (type png)
<use figures/n2o_bend_spline_error.png>
Package pdftex.def Info: figures/n2o_bend_spline_error.png  used on input line 
2235.
(pdftex.def)             Requested size: 241.14749pt x 118.76596pt.

Underfull \hbox (badness 2229) in paragraph at lines 2235--2235
[]\T1/LinuxLibertineT-TLF/b/n/9 (+20) Figure 90: |$[][][][]$ bend, spline leave
-one-out er-ror, RMS
 []

<figures/n2o_nn_stretch_polynomial_curve.png, id=960, 642.2394pt x 389.2944pt>
File: figures/n2o_nn_stretch_polynomial_curve.png Graphic file (type png)
<use figures/n2o_nn_stretch_polynomial_curve.png>
Package pdftex.def Info: figures/n2o_nn_stretch_polynomial_curve.png  used on i
nput line 2240.
(pdftex.def)             Requested size: 241.14749pt x 146.16917pt.
<figures/n2o_nn_stretch_polynomial_degree_sweep.png, id=961, 570.4512pt x 338.7
054pt>
File: figures/n2o_nn_stretch_polynomial_degree_sweep.png Graphic file (type png
)
<use figures/n2o_nn_stretch_polynomial_degree_sweep.png>
Package pdftex.def Info: figures/n2o_nn_stretch_polynomial_degree_sweep.png  us
ed on input line 2240.
(pdftex.def)             Requested size: 241.14749pt x 143.1804pt.
(./tables/tab_deg_n2o_nn_stretch.tex)
<figures/n2o_nn_stretch_polynomial_error.png, id=962, 642.7212pt x 317.0244pt>
File: figures/n2o_nn_stretch_polynomial_error.png Graphic file (type png)
<use figures/n2o_nn_stretch_polynomial_error.png>
Package pdftex.def Info: figures/n2o_nn_stretch_polynomial_error.png  used on i
nput line 2247.
(pdftex.def)             Requested size: 241.14749pt x 118.94673pt.
<figures/n2o_nn_stretch_spline_curve.png, id=963, 642.2394pt x 389.7762pt>
File: figures/n2o_nn_stretch_spline_curve.png Graphic file (type png)
<use figures/n2o_nn_stretch_spline_curve.png>
Package pdftex.def Info: figures/n2o_nn_stretch_spline_curve.png  used on input
 line 2247.
(pdftex.def)             Requested size: 241.14749pt x 146.35008pt.
<figures/n2o_nn_stretch_spline_error.png, id=964, 642.7212pt x 317.0244pt>
File: figures/n2o_nn_stretch_spline_error.png Graphic file (type png)
<use figures/n2o_nn_stretch_spline_error.png>
Package pdftex.def Info: figures/n2o_nn_stretch_spline_error.png  used on input
 line 2250.
(pdftex.def)             Requested size: 241.14749pt x 118.94673pt.
<figures/n2o_no_stretch_polynomial_curve.png, id=965, 642.2394pt x 389.2944pt>
File: figures/n2o_no_stretch_polynomial_curve.png Graphic file (type png)
<use figures/n2o_no_stretch_polynomial_curve.png>
Package pdftex.def Info: figures/n2o_no_stretch_polynomial_curve.png  used on i
nput line 2258.
(pdftex.def)             Requested size: 241.14749pt x 146.16917pt.
<figures/n2o_no_stretch_polynomial_degree_sweep.png, id=966, 570.4512pt x 338.7
054pt>
File: figures/n2o_no_stretch_polynomial_degree_sweep.png Graphic file (type png
)
<use figures/n2o_no_stretch_polynomial_degree_sweep.png>
Package pdftex.def Info: figures/n2o_no_stretch_polynomial_degree_sweep.png  us
ed on input line 2258.
(pdftex.def)             Requested size: 241.14749pt x 143.1804pt.
 (./tables/tab_deg_n2o_no_stretch.tex)
<figures/n2o_no_stretch_polynomial_error.png, id=969, 642.7212pt x 317.0244pt>
File: figures/n2o_no_stretch_polynomial_error.png Graphic file (type png)
<use figures/n2o_no_stretch_polynomial_error.png>
Package pdftex.def Info: figures/n2o_no_stretch_polynomial_error.png  used on i
nput line 2265.
(pdftex.def)             Requested size: 241.14749pt x 118.94673pt.
<figures/n2o_no_stretch_spline_curve.png, id=970, 642.2394pt x 389.7762pt>
File: figures/n2o_no_stretch_spline_curve.png Graphic file (type png)
<use figures/n2o_no_stretch_spline_curve.png>
Package pdftex.def Info: figures/n2o_no_stretch_spline_curve.png  used on input
 line 2265.
(pdftex.def)             Requested size: 241.14749pt x 146.35008pt.
<figures/n2o_no_stretch_spline_error.png, id=971, 642.7212pt x 317.0244pt>
File: figures/n2o_no_stretch_spline_error.png Graphic file (type png)
<use figures/n2o_no_stretch_spline_error.png>
Package pdftex.def Info: figures/n2o_no_stretch_spline_error.png  used on input
 line 2268.
(pdftex.def)             Requested size: 241.14749pt x 118.94673pt.
<figures/n2o_surface_polynomial_surface.png, id=972, 894.7026pt x 389.7762pt>
File: figures/n2o_surface_polynomial_surface.png Graphic file (type png)
<use figures/n2o_surface_polynomial_surface.png>
Package pdftex.def Info: figures/n2o_surface_polynomial_surface.png  used on in
put line 2275.
(pdftex.def)             Requested size: 475.91853pt x 207.33572pt.
<figures/n2o_surface_polynomial_error.png, id=973, 849.4134pt x 338.7054pt>
File: figures/n2o_surface_polynomial_error.png Graphic file (type png)
<use figures/n2o_surface_polynomial_error.png>
Package pdftex.def Info: figures/n2o_surface_polynomial_error.png  used on inpu
t line 2277.
(pdftex.def)             Requested size: 475.91853pt x 189.77193pt.
<figures/n2o_surface_spline_surface.png, id=974, 894.7026pt x 389.7762pt>
File: figures/n2o_surface_spline_surface.png Graphic file (type png)
<use figures/n2o_surface_spline_surface.png>
Package pdftex.def Info: figures/n2o_surface_spline_surface.png  used on input 
line 2281.
(pdftex.def)             Requested size: 475.91853pt x 207.33572pt.
<figures/n2o_surface_spline_error.png, id=975, 847.968pt x 338.7054pt>
File: figures/n2o_surface_spline_error.png Graphic file (type png)
<use figures/n2o_surface_spline_error.png>
Package pdftex.def Info: figures/n2o_surface_spline_error.png  used on input li
ne 2284.
(pdftex.def)             Requested size: 475.91853pt x 190.10269pt.

[37.37 <./figures/no2_surface_spline_surface.png> <./figures/no2_surface_spline
_error.png>] [38.38 <./figures/n2o_surface_scan_3d.png> <./figures/n2o_bend_pol
ynomial_curve.png> <./figures/n2o_bend_polynomial_degree_sweep.png>] [39.39 <./
figures/n2o_bend_polynomial_error.png> <./figures/n2o_bend_spline_curve.png> <.
/figures/n2o_bend_spline_error.png> <./figures/n2o_nn_stretch_polynomial_curve.
png> <./figures/n2o_nn_stretch_polynomial_degree_sweep.png>] [40.40 <./figures/
n2o_nn_stretch_polynomial_error.png> <./figures/n2o_nn_stretch_spline_curve.png
> <./figures/n2o_nn_stretch_spline_error.png> <./figures/n2o_no_stretch_polynom
ial_curve.png> <./figures/n2o_no_stretch_polynomial_degree_sweep.png>]
(./tables/tab_vqeacc.tex) (./tables/tab_interp.tex) (./tables/tab_geom.tex)
[41.41 <./figures/n2o_no_stretch_polynomial_error.png> <./figures/n2o_no_stretc
h_spline_curve.png> <./figures/n2o_no_stretch_spline_error.png>] [42.42 <./figu
res/n2o_surface_polynomial_surface.png> <./figures/n2o_surface_polynomial_error
.png>] [43.43 <./figures/n2o_surface_spline_surface.png> <./figures/n2o_surface
_spline_error.png>] [44.44]
Underfull \hbox (badness 1946) in paragraph at lines 2486--2499
\T1/LinuxLibertineT-TLF/m/n/9 (+20) writ-ten around that con-straint: it picks 
whichever back-end
 []

[45.45] [46.46] Processing 'acks' comment.
\openout3 = `comment.cut'.


Comment 'acks' writing to comment.cut. Straight input of comment.cut.
(./comment.cut)

Class acmart Warning: \vspace should only be used to provide space above/below 
surrounding objects on input line 2691.


Class acmart Warning: \vspace should only be used to provide space above/below 
surrounding objects on input line 2692.

(/usr/share/texlive/texmf-dist/tex/latex/listings/lstlang1.sty
File: lstlang1.sty 2023/02/27 1.9 listings language file
)
(/usr/share/texlive/texmf-dist/tex/latex/listings/lstlang1.sty
File: lstlang1.sty 2023/02/27 1.9 listings language file
) [47.47]
LaTeX Font Info:    Trying to load font information for TS1+zi4 on input line 2
763.

(/usr/share/texlive/texmf-dist/tex/latex/inconsolata/ts1zi4.fd
File: ts1zi4.fd 2018/01/14 TS1/zi4 (Inconsolata)
)

LaTeX Font Warning: Font shape `TS1/zi4/m/it' undefined
(Font)              using `TS1/zi4/m/n' instead
(Font)              for symbol `textquotesingle' on input line 2763.

LaTeX Font Info:    Font shape `TS1/zi4/m/n' will be
(Font)              scaled to size 6.6pt on input line 2763.
Package microtype Info: Loading generic protrusion settings for font family
(microtype)             `zi4' (encoding: TS1).
(microtype)             For optimal results, create family-specific settings.
(microtype)             See the microtype manual for details.
LaTeX Font Info:    Font shape `TS1/zi4/m/it' will be
(Font)              scaled to size 6.6pt on input line 2784.
(./report.bbl
LaTeX Font Info:    Font shape `T1/LinuxLibertineT-TLF/m/it' will be
(Font)              scaled to size 7.0pt on input line 44.
LaTeX Info: Redefining \tempurl on input line 159.
LaTeX Font Info:    Font shape `T1/zi4/m/n' will be
(Font)              scaled to size 7.0pt on input line 170.
LaTeX Info: Redefining \tempurl on input line 173.
LaTeX Info: Redefining \tempurl on input line 213.
LaTeX Info: Redefining \tempurl on input line 252.
LaTeX Info: Redefining \tempurl on input line 289.
)

Package balance Warning: You have called \balance in second column
(balance)                Columns might not be balanced.


Package hyperref Warning: Token not allowed in a PDF string (Unicode):
(hyperref)                removing `\\' on input line 2803.


Package hyperref Warning: Token not allowed in a PDF string (Unicode):
(hyperref)                removing `\\' on input line 2803.


Package hyperref Warning: Token not allowed in a PDF string (Unicode):
(hyperref)                removing `\faGithub' on input line 2803.

(/usr/share/texlive/texmf-dist/tex/generic/stringenc/se-pdfdoc.def
File: se-pdfdoc.def 2019/11/29 v1.12 stringenc: PDFDocEncoding
)
(/usr/share/texlive/texmf-dist/tex/generic/stringenc/se-utf8.def
File: se-utf8.def 2019/11/29 v1.12 stringenc: UTF-8
) [48.48{/usr/share/texlive/texmf-dist/fonts/enc/dvips/inconsolata/i4-ts1.enc}]
 (./report.aux)
 ***********
LaTeX2e <2023-11-01> patch level 1
L3 programming layer <2024-01-22>
 ***********

LaTeX Font Warning: Some font shapes were not available, defaults substituted.

Package rerunfilecheck Info: File `report.out' has not changed.
(rerunfilecheck)             Checksum: 2B95264DF8DACFF000CDA641360D8F85;5753.
 ) 
Here is how much of TeX's memory you used:
 32644 strings out of 476106
 585447 string characters out of 5793933
 2316975 words of memory out of 5000000
 52334 multiletter control sequences out of 15000+600000
 921193 words of font info for 843 fonts, out of 8000000 for 9000
 220 hyphenation exceptions out of 8191
 90i,17n,131p,1557b,2156s stack positions out of 10000i,1000n,20000p,200000b,200000s
</usr/share/texlive/texmf-dist/fonts/type1/public/fontawesome5/FontAwesome5Br
ands-Regular.pfb></usr/share/texlive/texmf-dist/fonts/type1/public/inconsolata/
Inconsolata-zi4b.pfb></usr/share/texlive/texmf-dist/fonts/type1/public/inconsol
ata/Inconsolata-zi4r.pfb></usr/share/texlive/texmf-dist/fonts/type1/public/newt
x/LibertineMathBMI.pfb></usr/share/texlive/texmf-dist/fonts/type1/public/newtx/
LibertineMathBMI7.pfb></usr/share/texlive/texmf-dist/fonts/type1/public/newtx/L
ibertineMathMI.pfb></usr/share/texlive/texmf-dist/fonts/type1/public/newtx/Libe
rtineMathMI5.pfb></usr/share/texlive/texmf-dist/fonts/type1/public/newtx/Libert
ineMathMI7.pfb></usr/share/texlive/texmf-dist/fonts/type1/public/newtx/Libertin
eMathRM.pfb></usr/share/texlive/texmf-dist/fonts/type1/public/libertine/LinBiol
inumT.pfb></usr/share/texlive/texmf-dist/fonts/type1/public/libertine/LinBiolin
umTB.pfb></usr/share/texlive/texmf-dist/fonts/type1/public/libertine/LinBiolinu
mTI.pfb></usr/share/texlive/texmf-dist/fonts/type1/public/libertine/LinLibertin
eT.pfb></usr/share/texlive/texmf-dist/fonts/type1/public/libertine/LinLibertine
TB.pfb></usr/share/texlive/texmf-dist/fonts/type1/public/libertine/LinLibertine
TBI.pfb></usr/share/texlive/texmf-dist/fonts/type1/public/libertine/LinLibertin
eTI.pfb></usr/share/texlive/texmf-dist/fonts/type1/public/libertine/LinLibertin
eTZ.pfb></usr/share/texlive/texmf-dist/fonts/type1/public/newtx/NewTXMI.pfb></u
sr/share/texlive/texmf-dist/fonts/type1/public/newtx/NewTXMI5.pfb></usr/share/t
exlive/texmf-dist/fonts/type1/public/newtx/NewTXMI7.pfb></usr/share/texmf/fonts
/type1/public/cm-super/sfit0800.pfb></usr/share/texlive/texmf-dist/fonts/type1/
public/newtx/txexs.pfb></usr/share/texlive/texmf-dist/fonts/type1/public/newtx/
txmiaX.pfb></usr/share/texlive/texmf-dist/fonts/type1/public/newtx/txsys.pfb>
Output written on report.pdf (48 pages, 11201142 bytes).
PDF statistics:
 1441 PDF objects out of 1728 (max. 8388607)
 1115 compressed objects within 12 object streams
 538 named destinations out of 1000 (max. 500000)
 187649 words of extra memory for PDF output out of 221844 (max. 10000000)

